match_id,team,opponent,venue,first_half_rate,second_half_rate,league
3825739,Real Madrid,Sporting Gijón,Home,0.5833333333333334,0.7936507936507936,La Liga
3825739,Sporting Gijón,Real Madrid,Away,0.7608695652173914,0.5384615384615384,La Liga
3825848,Levante UD,Eibar,Home,0.6888888888888889,0.8958333333333334,La Liga
3825848,Eibar,Levante UD,Away,0.9230769230769231,0.5714285714285714,La Liga
3825895,Las Palmas,Sevilla,Home,0.5681818181818182,0.78,La Liga
3825895,Sevilla,Las Palmas,Away,0.5423728813559322,0.6595744680851063,La Liga
3825894,RC Deportivo La Coruña,Getafe,Home,1.4318181818181819,0.8723404255319149,La Liga
3825894,Getafe,RC Deportivo La Coruña,Away,0.8367346938775511,0.7,La Liga
3825855,Málaga,Levante UD,Home,0.72,0.42105263157894735,La Liga
3825855,Levante UD,Málaga,Away,0.6964285714285714,0.4528301886792453,La Liga
3825908,Espanyol,Eibar,Home,0.5094339622641509,0.9629629629629629,La Liga
3825908,Eibar,Espanyol,Away,1.5,0.9411764705882353,La Liga
3825883,Málaga,Las Palmas,Home,1.0408163265306123,0.9215686274509803,La Liga
3825883,Las Palmas,Málaga,Away,0.41509433962264153,0.7027027027027027,La Liga
3825900,Sporting Gijón,Villarreal,Home,1.105263157894737,1.2121212121212122,La Liga
3825900,Villarreal,Sporting Gijón,Away,0.8043478260869565,0.3673469387755102,La Liga
3825902,Rayo Vallecano,Levante UD,Home,0.6226415094339622,1.0677966101694916,La Liga
3825902,Levante UD,Rayo Vallecano,Away,0.8,0.7647058823529411,La Liga
3825876,Real Betis,Getafe,Home,0.7333333333333333,0.4888888888888889,La Liga
3825876,Getafe,Real Betis,Away,1.1020408163265305,0.9818181818181818,La Liga
3825846,RC Deportivo La Coruña,Real Madrid,Home,0.6923076923076923,0.9069767441860465,La Liga
3825846,Real Madrid,RC Deportivo La Coruña,Away,1.1842105263157894,0.9444444444444444,La Liga
3825869,Athletic Club,Sevilla,Home,1.3653846153846154,1.2894736842105263,La Liga
3825869,Sevilla,Athletic Club,Away,0.92,0.3389830508474576,La Liga
3825882,Atlético Madrid,Celta Vigo,Home,0.6,1.06,La Liga
3825882,Celta Vigo,Atlético Madrid,Away,0.6041666666666666,0.7777777777777778,La Liga
3825849,Valencia,Real Sociedad,Home,1.3877551020408163,0.8727272727272727,La Liga
3825849,Real Sociedad,Valencia,Away,0.8103448275862069,1.1886792452830188,La Liga
3825860,Levante UD,Atlético Madrid,Home,0.926829268292683,0.5,La Liga
3825860,Atlético Madrid,Levante UD,Away,0.8113207547169812,1.0545454545454545,La Liga
3825847,Eibar,RC Deportivo La Coruña,Home,1.263157894736842,1.775,La Liga
3825847,RC Deportivo La Coruña,Eibar,Away,1.1538461538461537,0.9607843137254902,La Liga
3825817,Getafe,Eibar,Home,0.5737704918032787,0.9019607843137255,La Liga
3825817,Eibar,Getafe,Away,1.1304347826086956,0.8596491228070176,La Liga
3825778,Real Betis,Sporting Gijón,Home,1.5957446808510638,1.25,La Liga
3825778,Sporting Gijón,Real Betis,Away,0.7454545454545455,0.6229508196721312,La Liga
3825777,Levante UD,Getafe,Home,0.532258064516129,0.38,La Liga
3825777,Getafe,Levante UD,Away,0.8596491228070176,0.9333333333333333,La Liga
3825740,Eibar,Granada,Home,0.8571428571428571,0.9574468085106383,La Liga
3825740,Granada,Eibar,Away,0.9019607843137255,0.4727272727272727,La Liga
3825875,Villarreal,Real Sociedad,Home,0.9777777777777777,0.7592592592592593,La Liga
3825875,Real Sociedad,Villarreal,Away,0.8490566037735849,0.9333333333333333,La Liga
3825884,Sevilla,Real Betis,Home,1.0952380952380953,1.0384615384615385,La Liga
3825884,Real Betis,Sevilla,Away,0.6326530612244898,0.717948717948718,La Liga
3825842,Levante UD,Athletic Club,Home,0.7307692307692307,0.36065573770491804,La Liga
3825842,Athletic Club,Levante UD,Away,0.6888888888888889,0.4583333333333333,La Liga
3825890,Atlético Madrid,Málaga,Home,1.0,1.3584905660377358,La Liga
3825890,Málaga,Atlético Madrid,Away,0.5,0.9148936170212766,La Liga
3825871,Las Palmas,Espanyol,Home,1.0689655172413792,0.8205128205128205,La Liga
3825871,Espanyol,Las Palmas,Away,0.9772727272727273,1.4545454545454546,La Liga
3825896,Granada,Levante UD,Home,1.1,0.45,La Liga
3825896,Levante UD,Granada,Away,0.6888888888888889,0.5227272727272727,La Liga
3825841,Real Sociedad,Getafe,Home,1.4390243902439024,0.6666666666666666,La Liga
3825841,Getafe,Real Sociedad,Away,0.7833333333333333,0.515625,La Liga
3825843,Málaga,Rayo Vallecano,Home,1.0,1.0,La Liga
3825843,Rayo Vallecano,Málaga,Away,0.6470588235294118,0.8983050847457628,La Liga
3825839,Sporting Gijón,Sevilla,Home,0.84,0.75,La Liga
3825839,Sevilla,Sporting Gijón,Away,0.3728813559322034,0.5957446808510638,La Liga
3825838,Athletic Club,Atlético Madrid,Home,0.7407407407407407,0.8703703703703703,La Liga
3825838,Atlético Madrid,Athletic Club,Away,0.7142857142857143,0.94,La Liga
3825840,Valencia,Eibar,Home,0.7619047619047619,0.68,La Liga
3825840,Eibar,Valencia,Away,1.4565217391304348,1.225,La Liga
3825837,Real Betis,Las Palmas,Home,0.7777777777777778,1.1296296296296295,La Liga
3825837,Las Palmas,Real Betis,Away,0.7368421052631579,0.5227272727272727,La Liga
3825836,Rayo Vallecano,Villarreal,Home,0.8596491228070176,0.8679245283018868,La Liga
3825836,Villarreal,Rayo Vallecano,Away,0.7681159420289855,0.9482758620689655,La Liga
3825835,Málaga,Athletic Club,Home,0.8409090909090909,0.45098039215686275,La Liga
3825835,Athletic Club,Málaga,Away,0.9361702127659575,0.8620689655172413,La Liga
3825834,Atlético Madrid,Granada,Home,0.9111111111111111,1.2083333333333333,La Liga
3825834,Granada,Atlético Madrid,Away,0.5490196078431373,0.6086956521739131,La Liga
3825906,Sevilla,RC Deportivo La Coruña,Home,0.7758620689655172,0.975,La Liga
3825906,RC Deportivo La Coruña,Sevilla,Away,0.7254901960784313,0.3684210526315789,La Liga
3825897,Eibar,Real Sociedad,Home,1.3673469387755102,0.6862745098039216,La Liga
3825897,Real Sociedad,Eibar,Away,0.3559322033898305,1.0434782608695652,La Liga
3825889,Celta Vigo,Real Betis,Home,1.3170731707317074,0.9069767441860465,La Liga
3825889,Real Betis,Celta Vigo,Away,0.421875,0.45098039215686275,La Liga
3825833,Getafe,Real Madrid,Home,1.325,0.7368421052631579,La Liga
3825833,Real Madrid,Getafe,Away,0.65,0.7551020408163265,La Liga
3825857,Levante UD,Espanyol,Home,0.8222222222222222,0.6222222222222222,La Liga
3825857,Espanyol,Levante UD,Away,0.75,0.41304347826086957,La Liga
3825863,RC Deportivo La Coruña,Las Palmas,Home,0.8333333333333334,0.9767441860465116,La Liga
3825863,Las Palmas,RC Deportivo La Coruña,Away,0.5434782608695652,0.38636363636363635,La Liga
3825829,Athletic Club,Rayo Vallecano,Home,0.6521739130434783,0.8703703703703703,La Liga
3825829,Rayo Vallecano,Athletic Club,Away,1.0980392156862746,0.8723404255319149,La Liga
3825830,Villarreal,Getafe,Home,0.5416666666666666,0.625,La Liga
3825830,Getafe,Villarreal,Away,1.0888888888888888,0.7288135593220338,La Liga
3825832,Sporting Gijón,Celta Vigo,Home,1.3478260869565217,0.6956521739130435,La Liga
3825832,Celta Vigo,Sporting Gijón,Away,0.9361702127659575,0.49019607843137253,La Liga
3825831,Valencia,Sevilla,Home,1.0,1.0,La Liga
3825831,Sevilla,Valencia,Away,0.7272727272727273,0.7708333333333334,La Liga
3825828,Espanyol,Atlético Madrid,Home,0.9361702127659575,0.6727272727272727,La Liga
3825828,Atlético Madrid,Espanyol,Away,0.7727272727272727,0.43859649122807015,La Liga
3825827,Real Betis,Levante UD,Home,0.7333333333333333,0.75,La Liga
3825827,Levante UD,Real Betis,Away,0.6666666666666666,1.3255813953488371,La Liga
3825826,Granada,Málaga,Home,0.6046511627906976,0.94,La Liga
3825826,Málaga,Granada,Away,0.7111111111111111,0.4482758620689655,La Liga
3825825,Levante UD,Sporting Gijón,Home,1.0377358490566038,1.14,La Liga
3825825,Sporting Gijón,Levante UD,Away,0.5178571428571429,0.5714285714285714,La Liga
3825824,Eibar,Villarreal,Home,1.2295081967213115,0.9473684210526315,La Liga
3825824,Villarreal,Eibar,Away,0.5102040816326531,0.746031746031746,La Liga
3825823,Sevilla,Real Sociedad,Home,0.94,0.8541666666666666,La Liga
3825823,Real Sociedad,Sevilla,Away,0.6538461538461539,0.6461538461538462,La Liga
3825905,Málaga,Espanyol,Home,1.173913043478261,1.2291666666666667,La Liga
3825905,Espanyol,Málaga,Away,0.7058823529411765,0.6078431372549019,La Liga
3825822,Las Palmas,Valencia,Home,1.205128205128205,0.9583333333333334,La Liga
3825822,Valencia,Las Palmas,Away,1.3035714285714286,1.490909090909091,La Liga
3825821,Espanyol,Athletic Club,Home,0.7555555555555555,0.631578947368421,La Liga
3825821,Athletic Club,Espanyol,Away,0.7636363636363637,0.9743589743589743,La Liga
3825820,Real Madrid,Sevilla,Home,0.5384615384615384,0.6041666666666666,La Liga
3825820,Sevilla,Real Madrid,Away,0.5121951219512195,0.8,La Liga
3825819,Valencia,Celta Vigo,Home,1.1923076923076923,1.4375,La Liga
3825819,Celta Vigo,Valencia,Away,0.9615384615384616,0.6923076923076923,La Liga
3825818,Real Sociedad,Las Palmas,Home,0.9821428571428571,1.2790697674418605,La Liga
3825818,Las Palmas,Real Sociedad,Away,0.5098039215686274,0.5573770491803278,La Liga
3825887,Granada,Rayo Vallecano,Home,0.8260869565217391,0.6730769230769231,La Liga
3825887,Rayo Vallecano,Granada,Away,1.146341463414634,0.868421052631579,La Liga
3825907,Sporting Gijón,Atlético Madrid,Home,1.1764705882352942,1.45,La Liga
3825907,Atlético Madrid,Sporting Gijón,Away,0.7727272727272727,0.5769230769230769,La Liga
3825903,Real Betis,Málaga,Home,1.1428571428571428,1.0888888888888888,La Liga
3825903,Málaga,Real Betis,Away,0.8805970149253731,0.8695652173913043,La Liga
3825816,Sevilla,Villarreal,Home,0.75,0.7142857142857143,La Liga
3825816,Villarreal,Sevilla,Away,0.7659574468085106,0.9166666666666666,La Liga
3825815,Levante UD,Valencia,Home,1.0,1.2291666666666667,La Liga
3825815,Valencia,Levante UD,Away,0.9629629629629629,0.5636363636363636,La Liga
3825858,Rayo Vallecano,Eibar,Home,0.66,0.4339622641509434,La Liga
3825858,Eibar,Rayo Vallecano,Away,0.9655172413793104,0.8518518518518519,La Liga
3825813,Atlético Madrid,RC Deportivo La Coruña,Home,0.8809523809523809,0.7083333333333334,La Liga
3825813,RC Deportivo La Coruña,Atlético Madrid,Away,0.6444444444444445,0.6538461538461539,La Liga
3825814,Celta Vigo,Real Sociedad,Home,0.85,0.5245901639344263,La Liga
3825814,Real Sociedad,Celta Vigo,Away,0.9795918367346939,0.8,La Liga
3825812,Málaga,Sporting Gijón,Home,1.0731707317073171,0.20967741935483872,La Liga
3825812,Sporting Gijón,Málaga,Away,1.0576923076923077,0.7708333333333334,La Liga
3825811,Espanyol,Rayo Vallecano,Home,1.0392156862745099,0.98,La Liga
3825811,Rayo Vallecano,Espanyol,Away,1.1904761904761905,0.8,La Liga
3825807,Valencia,Atlético Madrid,Home,0.6111111111111112,0.82,La Liga
3825807,Atlético Madrid,Valencia,Away,1.0384615384615385,1.025,La Liga
3825809,Real Betis,Granada,Home,1.2325581395348837,0.5121951219512195,La Liga
3825809,Granada,Real Betis,Away,0.6363636363636364,0.7027027027027027,La Liga
3825810,Real Sociedad,Levante UD,Home,1.309090909090909,0.9019607843137255,La Liga
3825810,Levante UD,Real Sociedad,Away,0.328125,0.48214285714285715,La Liga
3825808,Sporting Gijón,Athletic Club,Home,0.6,0.84,La Liga
3825808,Athletic Club,Sporting Gijón,Away,0.8695652173913043,0.8679245283018868,La Liga
3825804,RC Deportivo La Coruña,Málaga,Home,1.027027027027027,0.6607142857142857,La Liga
3825804,Málaga,RC Deportivo La Coruña,Away,0.4489795918367347,0.9803921568627451,La Liga
3825867,Getafe,Sevilla,Home,0.734375,0.9545454545454546,La Liga
3825867,Sevilla,Getafe,Away,0.819672131147541,0.6595744680851063,La Liga
3825805,Villarreal,Las Palmas,Home,1.627906976744186,0.8571428571428571,La Liga
3825805,Las Palmas,Villarreal,Away,0.8125,0.6229508196721312,La Liga
3825784,Atlético Madrid,Villarreal,Home,1.103448275862069,1.1627906976744187,La Liga
3825784,Villarreal,Atlético Madrid,Away,0.5769230769230769,0.8627450980392157,La Liga
3825782,Granada,Valencia,Home,0.7894736842105263,0.9148936170212766,La Liga
3825782,Valencia,Granada,Away,1.2075471698113207,0.7169811320754716,La Liga
3825757,Real Madrid,Espanyol,Home,0.8648648648648649,0.9361702127659575,La Liga
3825757,Espanyol,Real Madrid,Away,1.2553191489361701,0.4772727272727273,La Liga
3825641,Athletic Club,Sporting Gijón,Home,0.8372093023255814,1.0,La Liga
3825641,Sporting Gijón,Athletic Club,Away,0.7551020408163265,0.782608695652174,La Liga
3825803,Granada,Sporting Gijón,Home,1.0227272727272727,0.603448275862069,La Liga
3825803,Sporting Gijón,Granada,Away,0.7441860465116279,0.5853658536585366,La Liga
3825800,Celta Vigo,Villarreal,Home,0.8461538461538461,1.5,La Liga
3825800,Villarreal,Celta Vigo,Away,0.3389830508474576,0.43636363636363634,La Liga
3825801,Sevilla,Eibar,Home,0.52,0.5084745762711864,La Liga
3825801,Eibar,Sevilla,Away,1.2553191489361701,0.84,La Liga
3825799,Málaga,Valencia,Home,1.0,0.94,La Liga
3825799,Valencia,Málaga,Away,1.0638297872340425,0.6206896551724138,La Liga
3825797,Athletic Club,RC Deportivo La Coruña,Home,1.105263157894737,0.4888888888888889,La Liga
3825797,RC Deportivo La Coruña,Athletic Club,Away,0.9782608695652174,0.8125,La Liga
3825798,Levante UD,Real Madrid,Home,0.5862068965517241,1.2093023255813953,La Liga
3825798,Real Madrid,Levante UD,Away,1.0208333333333333,0.5272727272727272,La Liga
3825796,Las Palmas,Getafe,Home,0.5294117647058824,0.8478260869565217,La Liga
3825796,Getafe,Las Palmas,Away,1.425,1.1388888888888888,La Liga
3825795,Atlético Madrid,Real Sociedad,Home,1.78,1.5434782608695652,La Liga
3825795,Real Sociedad,Atlético Madrid,Away,1.065217391304348,0.8653846153846154,La Liga
3825793,Valencia,Athletic Club,Home,0.8571428571428571,0.66,La Liga
3825793,Athletic Club,Valencia,Away,0.8085106382978723,0.4909090909090909,La Liga
3825792,RC Deportivo La Coruña,Granada,Home,1.0444444444444445,0.6521739130434783,La Liga
3825792,Granada,RC Deportivo La Coruña,Away,0.5625,0.39344262295081966,La Liga
3825794,Villarreal,Levante UD,Home,1.0625,0.9333333333333333,La Liga
3825794,Levante UD,Villarreal,Away,1.2641509433962264,0.7804878048780488,La Liga
3825788,Getafe,Celta Vigo,Home,1.0638297872340425,0.8444444444444444,La Liga
3825788,Celta Vigo,Getafe,Away,0.7959183673469388,0.5365853658536586,La Liga
3825791,Real Betis,Rayo Vallecano,Home,1.0,1.1851851851851851,La Liga
3825791,Rayo Vallecano,Real Betis,Away,0.8837209302325582,0.5636363636363636,La Liga
3825790,Sporting Gijón,Espanyol,Home,0.5,0.7441860465116279,La Liga
3825790,Espanyol,Sporting Gijón,Away,0.7115384615384616,0.6458333333333334,La Liga
3825787,Real Madrid,Atlético Madrid,Home,0.9803921568627451,1.3653846153846154,La Liga
3825787,Atlético Madrid,Real Madrid,Away,1.0576923076923077,0.6140350877192983,La Liga
3825789,Real Sociedad,Málaga,Home,1.08,1.0,La Liga
3825789,Málaga,Real Sociedad,Away,0.4,0.6290322580645161,La Liga
3825786,Eibar,Las Palmas,Home,1.1833333333333333,0.9322033898305084,La Liga
3825786,Las Palmas,Eibar,Away,0.49019607843137253,0.7142857142857143,La Liga
3825781,Rayo Vallecano,Sevilla,Home,0.6078431372549019,0.6326530612244898,La Liga
3825781,Sevilla,Rayo Vallecano,Away,0.9433962264150944,0.4262295081967213,La Liga
3825785,Málaga,Real Madrid,Home,0.7719298245614035,0.5294117647058824,La Liga
3825785,Real Madrid,Málaga,Away,0.7906976744186046,0.673469387755102,La Liga
3825783,Athletic Club,Real Sociedad,Home,0.6,1.1,La Liga
3825783,Real Sociedad,Athletic Club,Away,0.6428571428571429,0.49056603773584906,La Liga
3825780,Espanyol,RC Deportivo La Coruña,Home,0.6792452830188679,1.0,La Liga
3825780,RC Deportivo La Coruña,Espanyol,Away,0.6222222222222222,0.2222222222222222,La Liga
3825779,Celta Vigo,Eibar,Home,0.35555555555555557,0.6444444444444445,La Liga
3825779,Eibar,Celta Vigo,Away,1.2166666666666666,0.7222222222222222,La Liga
3825773,Eibar,Levante UD,Home,0.8181818181818182,0.9818181818181818,La Liga
3825773,Levante UD,Eibar,Away,0.6037735849056604,0.6031746031746031,La Liga
3825776,Sevilla,Las Palmas,Home,1.1111111111111112,1.0454545454545454,La Liga
3825776,Las Palmas,Sevilla,Away,0.6122448979591837,0.45454545454545453,La Liga
3825775,Real Sociedad,Granada,Home,0.5205479452054794,0.7090909090909091,La Liga
3825775,Granada,Real Sociedad,Away,0.7962962962962963,0.7659574468085106,La Liga
3825769,Villarreal,Málaga,Home,1.0204081632653061,0.8627450980392157,La Liga
3825769,Málaga,Villarreal,Away,1.1428571428571428,0.7017543859649122,La Liga
3825770,Real Madrid,Athletic Club,Home,0.6590909090909091,0.6226415094339622,La Liga
3825770,Athletic Club,Real Madrid,Away,1.1521739130434783,1.1136363636363635,La Liga
3825768,Sporting Gijón,Rayo Vallecano,Home,0.6065573770491803,0.8253968253968254,La Liga
3825768,Rayo Vallecano,Sporting Gijón,Away,0.9787234042553191,0.6739130434782609,La Liga
3825736,Valencia,Rayo Vallecano,Home,1.064516129032258,0.8679245283018868,La Liga
3825736,Rayo Vallecano,Valencia,Away,0.8813559322033898,0.8285714285714286,La Liga
3825731,Las Palmas,Málaga,Home,0.9387755102040817,0.9591836734693877,La Liga
3825731,Málaga,Las Palmas,Away,0.9795918367346939,1.4883720930232558,La Liga
3825685,Sporting Gijón,Las Palmas,Home,1.0,1.1395348837209303,La Liga
3825685,Las Palmas,Sporting Gijón,Away,0.42857142857142855,0.3333333333333333,La Liga
3825678,Eibar,Real Madrid,Home,1.0307692307692307,1.3018867924528301,La Liga
3825678,Real Madrid,Eibar,Away,0.48,0.543859649122807,La Liga
3825643,Real Madrid,Las Palmas,Home,0.8571428571428571,1.0545454545454545,La Liga
3825643,Las Palmas,Real Madrid,Away,0.66,0.5094339622641509,La Liga
3825642,RC Deportivo La Coruña,Atlético Madrid,Home,0.8837209302325582,0.9777777777777777,La Liga
3825642,Atlético Madrid,RC Deportivo La Coruña,Away,0.775,0.8,La Liga
3825638,Atlético Madrid,Valencia,Home,1.326086956521739,1.1355932203389831,La Liga
3825638,Valencia,Atlético Madrid,Away,0.48936170212765956,0.6379310344827587,La Liga
3825614,Granada,RC Deportivo La Coruña,Home,0.6545454545454545,0.6037735849056604,La Liga
3825614,RC Deportivo La Coruña,Granada,Away,0.4576271186440678,0.847457627118644,La Liga
3825612,Getafe,Levante UD,Home,0.8666666666666667,1.18,La Liga
3825612,Levante UD,Getafe,Away,0.46551724137931033,0.41818181818181815,La Liga
3825607,Villarreal,Atlético Madrid,Home,1.0196078431372548,0.5098039215686274,La Liga
3825607,Atlético Madrid,Villarreal,Away,1.2291666666666667,1.2156862745098038,La Liga
3825595,Villarreal,Athletic Club,Home,0.6122448979591837,1.1071428571428572,La Liga
3825595,Athletic Club,Villarreal,Away,0.7291666666666666,0.9148936170212766,La Liga
3825579,Sevilla,Atlético Madrid,Home,0.5918367346938775,0.5416666666666666,La Liga
3825579,Atlético Madrid,Sevilla,Away,0.7884615384615384,0.25,La Liga
3825572,Real Madrid,Real Betis,Home,0.6829268292682927,0.75,La Liga
3825572,Real Betis,Real Madrid,Away,0.4444444444444444,0.46,La Liga
3825774,Getafe,Atlético Madrid,Home,1.048780487804878,1.1590909090909092,La Liga
3825774,Atlético Madrid,Getafe,Away,1.119047619047619,0.8823529411764706,La Liga
3825772,Valencia,Espanyol,Home,0.825,0.40476190476190477,La Liga
3825772,Espanyol,Valencia,Away,0.5409836065573771,0.5555555555555556,La Liga
3825771,RC Deportivo La Coruña,Real Betis,Home,1.4090909090909092,0.5370370370370371,La Liga
3825771,Real Betis,RC Deportivo La Coruña,Away,0.42,0.48,La Liga
3825767,Espanyol,Real Sociedad,Home,0.96,0.7727272727272727,La Liga
3825767,Real Sociedad,Espanyol,Away,0.84,1.0666666666666667,La Liga
3825706,Celta Vigo,Athletic Club,Home,0.7169811320754716,1.0227272727272727,La Liga
3825706,Athletic Club,Celta Vigo,Away,1.360655737704918,0.8333333333333334,La Liga
3825712,Getafe,RC Deportivo La Coruña,Home,1.183673469387755,0.9347826086956522,La Liga
3825712,RC Deportivo La Coruña,Getafe,Away,0.42,0.8260869565217391,La Liga
3825708,Levante UD,Málaga,Home,0.8064516129032258,0.875,La Liga
3825708,Málaga,Levante UD,Away,0.75,0.5740740740740741,La Liga
3825707,Las Palmas,Granada,Home,0.5384615384615384,0.44680851063829785,La Liga
3825707,Granada,Las Palmas,Away,0.7543859649122807,0.5087719298245614,La Liga
3825705,Eibar,Sporting Gijón,Home,0.8979591836734694,0.9454545454545454,La Liga
3825705,Sporting Gijón,Eibar,Away,0.3770491803278688,0.6274509803921569,La Liga
3825711,Rayo Vallecano,Atlético Madrid,Home,0.6078431372549019,0.7192982456140351,La Liga
3825711,Atlético Madrid,Rayo Vallecano,Away,1.1666666666666667,0.7358490566037735,La Liga
3825703,Athletic Club,Levante UD,Home,1.434782608695652,1.5178571428571428,La Liga
3825703,Levante UD,Athletic Club,Away,0.8620689655172413,0.6666666666666666,La Liga
3825700,Real Madrid,Rayo Vallecano,Home,0.8148148148148148,1.105263157894737,La Liga
3825700,Rayo Vallecano,Real Madrid,Away,0.6470588235294118,0.48936170212765956,La Liga
3825701,Málaga,Atlético Madrid,Home,0.9166666666666666,0.8846153846153846,La Liga
3825701,Atlético Madrid,Málaga,Away,0.75,0.6842105263157895,La Liga
3825702,Real Sociedad,Villarreal,Home,0.8367346938775511,0.7272727272727273,La Liga
3825702,Villarreal,Real Sociedad,Away,0.6101694915254238,0.3333333333333333,La Liga
3825704,Granada,Celta Vigo,Home,1.0545454545454545,0.7391304347826086,La Liga
3825704,Celta Vigo,Granada,Away,0.4230769230769231,0.7192982456140351,La Liga
3825891,Espanyol,Las Palmas,Home,1.2264150943396226,1.0851063829787233,La Liga
3825891,Las Palmas,Espanyol,Away,1.0,0.8222222222222222,La Liga
3825699,Real Betis,Sevilla,Home,1.1176470588235294,1.0545454545454545,La Liga
3825699,Sevilla,Real Betis,Away,0.48936170212765956,0.7560975609756098,La Liga
3825697,Valencia,Getafe,Home,1.1304347826086956,0.9791666666666666,La Liga
3825697,Getafe,Valencia,Away,0.5636363636363636,0.7,La Liga
3825698,RC Deportivo La Coruña,Eibar,Home,0.4888888888888889,0.30952380952380953,La Liga
3825698,Eibar,RC Deportivo La Coruña,Away,1.1395348837209303,0.6851851851851852,La Liga
3825694,Eibar,Valencia,Home,0.6956521739130435,0.5964912280701754,La Liga
3825694,Valencia,Eibar,Away,0.8571428571428571,0.6666666666666666,La Liga
3825693,Atlético Madrid,Athletic Club,Home,0.8260869565217391,0.7678571428571429,La Liga
3825693,Athletic Club,Atlético Madrid,Away,0.4861111111111111,0.6666666666666666,La Liga
3825696,Rayo Vallecano,Málaga,Home,0.5272727272727272,0.375,La Liga
3825696,Málaga,Rayo Vallecano,Away,0.44642857142857145,0.6206896551724138,La Liga
3825695,Villarreal,Real Madrid,Home,0.42857142857142855,0.2,La Liga
3825695,Real Madrid,Villarreal,Away,1.186046511627907,1.1428571428571428,La Liga
3825689,Celta Vigo,Espanyol,Home,1.0232558139534884,0.58,La Liga
3825689,Espanyol,Celta Vigo,Away,0.8596491228070176,1.2093023255813953,La Liga
3825690,Las Palmas,Real Betis,Home,0.9111111111111111,0.7254901960784313,La Liga
3825690,Real Betis,Las Palmas,Away,0.19117647058823528,0.3888888888888889,La Liga
3825692,Sevilla,Sporting Gijón,Home,1.0,1.4,La Liga
3825692,Sporting Gijón,Sevilla,Away,0.625,0.46938775510204084,La Liga
3825691,Levante UD,Granada,Home,0.7741935483870968,0.7936507936507936,La Liga
3825691,Granada,Levante UD,Away,0.9636363636363636,0.8103448275862069,La Liga
3825688,Getafe,Real Sociedad,Home,0.3125,0.7619047619047619,La Liga
3825688,Real Sociedad,Getafe,Away,0.6491228070175439,0.5531914893617021,La Liga
3825687,Espanyol,Levante UD,Home,0.6086956521739131,0.5106382978723404,La Liga
3825687,Levante UD,Espanyol,Away,1.0535714285714286,0.9387755102040817,La Liga
3825683,Real Sociedad,Eibar,Home,0.6111111111111112,0.5,La Liga
3825683,Eibar,Real Sociedad,Away,0.9803921568627451,1.3018867924528301,La Liga
3825686,Athletic Club,Málaga,Home,1.186046511627907,0.8666666666666667,La Liga
3825686,Málaga,Athletic Club,Away,0.7446808510638298,0.7169811320754716,La Liga
3825684,Villarreal,Rayo Vallecano,Home,0.9272727272727272,0.9454545454545454,La Liga
3825684,Rayo Vallecano,Villarreal,Away,0.9629629629629629,0.9090909090909091,La Liga
3825681,Real Madrid,Getafe,Home,0.58,0.7894736842105263,La Liga
3825681,Getafe,Real Madrid,Away,0.8,0.813953488372093,La Liga
3825682,Granada,Atlético Madrid,Home,0.5681818181818182,1.02,La Liga
3825682,Atlético Madrid,Granada,Away,1.06,0.8837209302325582,La Liga
3825680,RC Deportivo La Coruña,Sevilla,Home,0.9807692307692307,0.5892857142857143,La Liga
3825680,Sevilla,RC Deportivo La Coruña,Away,0.6222222222222222,0.5,La Liga
3825677,Sevilla,Valencia,Home,1.0465116279069768,1.3725490196078431,La Liga
3825677,Valencia,Sevilla,Away,0.5882352941176471,0.5,La Liga
3825675,Rayo Vallecano,Athletic Club,Home,0.6521739130434783,0.7380952380952381,La Liga
3825675,Athletic Club,Rayo Vallecano,Away,0.8939393939393939,1.0,La Liga
3825676,Getafe,Villarreal,Home,0.7843137254901961,0.9019607843137255,La Liga
3825676,Villarreal,Getafe,Away,0.8936170212765957,0.9387755102040817,La Liga
3825674,Atlético Madrid,Espanyol,Home,0.5272727272727272,0.7916666666666666,La Liga
3825674,Espanyol,Atlético Madrid,Away,1.2641509433962264,0.6666666666666666,La Liga
3825673,Las Palmas,RC Deportivo La Coruña,Home,0.2826086956521739,0.54,La Liga
3825673,RC Deportivo La Coruña,Las Palmas,Away,0.6458333333333334,0.7058823529411765,La Liga
3825671,Celta Vigo,Sporting Gijón,Home,0.9347826086956522,0.4,La Liga
3825671,Sporting Gijón,Celta Vigo,Away,0.813953488372093,1.1891891891891893,La Liga
3825672,Málaga,Granada,Home,0.5217391304347826,0.30357142857142855,La Liga
3825672,Granada,Málaga,Away,0.7962962962962963,0.9545454545454546,La Liga
3825670,Levante UD,Real Betis,Home,0.8636363636363636,0.875,La Liga
3825670,Real Betis,Levante UD,Away,0.8367346938775511,0.37735849056603776,La Liga
3825669,Getafe,Rayo Vallecano,Home,0.6875,0.9393939393939394,La Liga
3825669,Rayo Vallecano,Getafe,Away,0.9622641509433962,0.8461538461538461,La Liga
3825668,Sporting Gijón,Levante UD,Home,1.1025641025641026,1.1395348837209303,La Liga
3825668,Levante UD,Sporting Gijón,Away,0.625,0.7045454545454546,La Liga
3825666,Real Betis,Atlético Madrid,Home,0.6808510638297872,0.7708333333333334,La Liga
3825666,Atlético Madrid,Real Betis,Away,0.6470588235294118,1.0363636363636364,La Liga
3825665,Granada,Athletic Club,Home,0.4642857142857143,0.5161290322580645,La Liga
3825665,Athletic Club,Granada,Away,0.7058823529411765,0.8043478260869565,La Liga
3825667,Villarreal,Eibar,Home,0.46,0.6071428571428571,La Liga
3825667,Eibar,Villarreal,Away,0.8833333333333333,0.5925925925925926,La Liga
3825664,Real Sociedad,Sevilla,Home,0.6111111111111112,0.85,La Liga
3825664,Sevilla,Real Sociedad,Away,1.0555555555555556,0.5454545454545454,La Liga
3825662,RC Deportivo La Coruña,Celta Vigo,Home,1.0425531914893618,0.8275862068965517,La Liga
3825662,Celta Vigo,RC Deportivo La Coruña,Away,1.186046511627907,0.88,La Liga
3825888,Valencia,Las Palmas,Home,1.1578947368421053,0.9811320754716981,La Liga
3825888,Las Palmas,Valencia,Away,1.5238095238095237,0.8043478260869565,La Liga
3825663,Espanyol,Málaga,Home,0.6166666666666667,0.7804878048780488,La Liga
3825663,Málaga,Espanyol,Away,0.9487179487179487,1.1914893617021276,La Liga
3825659,Athletic Club,Espanyol,Home,1.183673469387755,1.2553191489361701,La Liga
3825659,Espanyol,Athletic Club,Away,0.6727272727272727,0.5625,La Liga
3825658,Atlético Madrid,Sporting Gijón,Home,1.2777777777777777,1.3777777777777778,La Liga
3825658,Sporting Gijón,Atlético Madrid,Away,0.37735849056603776,0.11538461538461539,La Liga
3825660,Barcelona,Villarreal,Home,1.4883720930232558,0.68,La Liga
3825660,Villarreal,Barcelona,Away,0.6037735849056604,0.5714285714285714,La Liga
3825661,Sevilla,Real Madrid,Home,0.673469387755102,0.6585365853658537,La Liga
3825661,Real Madrid,Sevilla,Away,0.9583333333333334,0.5681818181818182,La Liga
3825656,Levante UD,RC Deportivo La Coruña,Home,1.048780487804878,0.6538461538461539,La Liga
3825656,RC Deportivo La Coruña,Levante UD,Away,0.4791666666666667,0.2916666666666667,La Liga
3825657,Málaga,Real Betis,Home,1.3095238095238095,1.2727272727272727,La Liga
3825657,Real Betis,Málaga,Away,0.4791666666666667,0.5490196078431373,La Liga
3825652,Las Palmas,Real Sociedad,Home,0.6551724137931034,0.3877551020408163,La Liga
3825652,Real Sociedad,Las Palmas,Away,0.6323529411764706,0.7073170731707317,La Liga
3825623,Valencia,Málaga,Home,0.9111111111111111,0.8571428571428571,La Liga
3825623,Málaga,Valencia,Away,0.7608695652173914,1.34,La Liga
3825626,Real Betis,Espanyol,Home,0.6666666666666666,1.24,La Liga
3825626,Espanyol,Real Betis,Away,0.6363636363636364,0.5357142857142857,La Liga
3825616,Málaga,Real Sociedad,Home,0.8846153846153846,0.6981132075471698,La Liga
3825616,Real Sociedad,Málaga,Away,0.6607142857142857,0.7317073170731707,La Liga
3825608,Eibar,Celta Vigo,Home,0.6607142857142857,0.9491525423728814,La Liga
3825608,Celta Vigo,Eibar,Away,0.9361702127659575,0.6829268292682927,La Liga
3825601,Rayo Vallecano,Sporting Gijón,Home,0.95,0.9444444444444444,La Liga
3825601,Sporting Gijón,Rayo Vallecano,Away,0.8431372549019608,0.86,La Liga
3825899,Getafe,Valencia,Home,1.048780487804878,1.0,La Liga
3825899,Valencia,Getafe,Away,0.7073170731707317,1.018181818181818,La Liga
3825852,Las Palmas,Sporting Gijón,Home,0.7777777777777778,0.5230769230769231,La Liga
3825852,Sporting Gijón,Las Palmas,Away,1.8444444444444446,1.5636363636363637,La Liga
3825647,Valencia,Levante UD,Home,0.5818181818181818,0.6071428571428571,La Liga
3825647,Levante UD,Valencia,Away,0.7666666666666667,0.6153846153846154,La Liga
3825637,Barcelona,Eibar,Home,0.625,0.8490566037735849,La Liga
3825637,Eibar,Barcelona,Away,0.6307692307692307,0.7407407407407407,La Liga
3825628,Getafe,Las Palmas,Home,0.5094339622641509,0.631578947368421,La Liga
3825628,Las Palmas,Getafe,Away,1.0416666666666667,0.7391304347826086,La Liga
3825619,Levante UD,Villarreal,Home,1.175,0.5952380952380952,La Liga
3825619,Villarreal,Levante UD,Away,0.7708333333333334,0.6274509803921569,La Liga
3825618,Las Palmas,Eibar,Home,1.225,0.6097560975609756,La Liga
3825618,Eibar,Las Palmas,Away,1.108695652173913,0.8431372549019608,La Liga
3825611,RC Deportivo La Coruña,Espanyol,Home,0.5686274509803921,0.6666666666666666,La Liga
3825611,Espanyol,RC Deportivo La Coruña,Away,0.574468085106383,0.5094339622641509,La Liga
3825609,Real Sociedad,Athletic Club,Home,0.5185185185185185,0.5833333333333334,La Liga
3825609,Athletic Club,Real Sociedad,Away,1.5208333333333333,0.6964285714285714,La Liga
3825598,Atlético Madrid,Getafe,Home,0.8723404255319149,1.2727272727272727,La Liga
3825598,Getafe,Atlético Madrid,Away,0.782608695652174,0.6511627906976745,La Liga
3825584,Granada,Villarreal,Home,0.7843137254901961,0.64,La Liga
3825584,Villarreal,Granada,Away,0.8367346938775511,0.5166666666666667,La Liga
3825570,Granada,Eibar,Home,0.6458333333333334,1.0,La Liga
3825570,Eibar,Granada,Away,1.1774193548387097,0.5833333333333334,La Liga
3825562,Málaga,Sevilla,Home,0.8809523809523809,0.44,La Liga
3825562,Sevilla,Málaga,Away,0.6410256410256411,0.8043478260869565,La Liga
3825904,Eibar,Real Betis,Home,1.64,1.0638297872340425,La Liga
3825904,Real Betis,Eibar,Away,0.5208333333333334,0.49206349206349204,La Liga
3825901,Real Madrid,Valencia,Home,0.9555555555555556,0.44642857142857145,La Liga
3825901,Valencia,Real Madrid,Away,0.43333333333333335,0.7254901960784313,La Liga
3825898,Celta Vigo,RC Deportivo La Coruña,Home,0.6875,0.6486486486486487,La Liga
3825898,RC Deportivo La Coruña,Celta Vigo,Away,0.3333333333333333,0.8113207547169812,La Liga
3825893,Real Madrid,Villarreal,Home,0.851063829787234,0.46938775510204084,La Liga
3825893,Villarreal,Real Madrid,Away,0.8431372549019608,1.0212765957446808,La Liga
3825892,Granada,Real Sociedad,Home,0.5964912280701754,0.5789473684210527,La Liga
3825892,Real Sociedad,Granada,Away,0.5689655172413793,0.375,La Liga
3825886,Rayo Vallecano,Real Madrid,Home,0.8148148148148148,0.9324324324324325,La Liga
3825886,Real Madrid,Rayo Vallecano,Away,0.8723404255319149,0.8653846153846154,La Liga
3825885,Rayo Vallecano,Getafe,Home,0.6041666666666666,0.9038461538461539,La Liga
3825885,Getafe,Rayo Vallecano,Away,0.9032258064516129,0.7291666666666666,La Liga
3825881,Granada,Espanyol,Home,0.5116279069767442,0.5,La Liga
3825881,Espanyol,Granada,Away,1.069767441860465,0.5217391304347826,La Liga
3825880,RC Deportivo La Coruña,Levante UD,Home,0.78,0.926829268292683,La Liga
3825880,Levante UD,RC Deportivo La Coruña,Away,1.02,0.9512195121951219,La Liga
3825879,Las Palmas,Real Madrid,Home,1.065217391304348,1.368421052631579,La Liga
3825879,Real Madrid,Las Palmas,Away,1.127659574468085,0.7441860465116279,La Liga
3825878,Atlético Madrid,Rayo Vallecano,Home,0.819672131147541,0.6567164179104478,La Liga
3825878,Rayo Vallecano,Atlético Madrid,Away,1.3818181818181818,0.7959183673469388,La Liga
3825877,Athletic Club,Granada,Home,1.6153846153846154,0.9772727272727273,La Liga
3825877,Granada,Athletic Club,Away,0.7,0.6792452830188679,La Liga
3825874,Sevilla,Getafe,Home,0.723404255319149,0.6410256410256411,La Liga
3825874,Getafe,Sevilla,Away,0.8863636363636364,0.5555555555555556,La Liga
3825873,Valencia,Villarreal,Home,1.1818181818181819,1.2708333333333333,La Liga
3825873,Villarreal,Valencia,Away,0.74,0.6136363636363636,La Liga
3825872,Atlético Madrid,Real Betis,Home,1.7450980392156863,0.7755102040816326,La Liga
3825872,Real Betis,Atlético Madrid,Away,0.5833333333333334,0.723404255319149,La Liga
3825870,Athletic Club,Celta Vigo,Home,1.0,0.9772727272727273,La Liga
3825870,Celta Vigo,Athletic Club,Away,0.46938775510204084,0.5,La Liga
3825868,Celta Vigo,Granada,Home,0.8571428571428571,0.7916666666666666,La Liga
3825868,Granada,Celta Vigo,Away,0.48,1.0,La Liga
3825866,Las Palmas,Athletic Club,Home,0.6590909090909091,0.8163265306122449,La Liga
3825866,Athletic Club,Las Palmas,Away,1.042857142857143,0.9672131147540983,La Liga
3825865,Getafe,Sporting Gijón,Home,0.98,0.6744186046511628,La Liga
3825865,Sporting Gijón,Getafe,Away,0.6557377049180327,0.37735849056603776,La Liga
3825864,Real Sociedad,Real Madrid,Home,0.4594594594594595,0.7719298245614035,La Liga
3825864,Real Madrid,Real Sociedad,Away,0.8444444444444444,1.16,La Liga
3825862,Espanyol,Celta Vigo,Home,1.25,0.671875,La Liga
3825862,Celta Vigo,Espanyol,Away,0.9666666666666667,0.9245283018867925,La Liga
3825861,Real Sociedad,Rayo Vallecano,Home,0.7605633802816901,0.5507246376811594,La Liga
3825861,Rayo Vallecano,Real Sociedad,Away,1.069767441860465,0.8541666666666666,La Liga
3825859,Granada,Las Palmas,Home,1.0566037735849056,0.723404255319149,La Liga
3825859,Las Palmas,Granada,Away,0.6326530612244898,0.5526315789473685,La Liga
3825856,Real Madrid,Eibar,Home,0.6666666666666666,0.6666666666666666,La Liga
3825856,Eibar,Real Madrid,Away,1.4509803921568627,1.2272727272727273,La Liga
3825854,Sporting Gijón,Eibar,Home,0.9787234042553191,0.6153846153846154,La Liga
3825854,Eibar,Sporting Gijón,Away,1.06,0.7608695652173914,La Liga
3825853,Sevilla,Granada,Home,0.7446808510638298,1.3333333333333333,La Liga
3825853,Granada,Sevilla,Away,0.8928571428571429,0.7017543859649122,La Liga
3825851,Villarreal,RC Deportivo La Coruña,Home,0.7446808510638298,1.054054054054054,La Liga
3825851,RC Deportivo La Coruña,Villarreal,Away,0.7105263157894737,0.2558139534883721,La Liga
3825850,Celta Vigo,Málaga,Home,0.7317073170731707,0.6071428571428571,La Liga
3825850,Málaga,Celta Vigo,Away,0.8163265306122449,0.7551020408163265,La Liga
3825845,Espanyol,Sevilla,Home,1.0,0.6538461538461539,La Liga
3825845,Sevilla,Espanyol,Away,0.6511627906976745,0.7777777777777778,La Liga
3825844,Athletic Club,Real Betis,Home,1.0166666666666666,0.7230769230769231,La Liga
3825844,Real Betis,Athletic Club,Away,0.3958333333333333,1.0465116279069768,La Liga
3825806,Real Madrid,Celta Vigo,Home,1.1,0.8604651162790697,La Liga
3825806,Celta Vigo,Real Madrid,Away,0.6041666666666666,0.9565217391304348,La Liga
3825802,Espanyol,Real Betis,Home,0.7962962962962963,1.0909090909090908,La Liga
3825802,Real Betis,Espanyol,Away,0.5714285714285714,0.5185185185185185,La Liga
3825679,Real Betis,Celta Vigo,Home,0.925,1.2195121951219512,La Liga
3825679,Celta Vigo,Real Betis,Away,0.6326530612244898,0.3333333333333333,La Liga
3825655,Rayo Vallecano,Granada,Home,0.6739130434782609,0.6739130434782609,La Liga
3825655,Granada,Rayo Vallecano,Away,0.5833333333333334,0.64,La Liga
3825654,Celta Vigo,Valencia,Home,0.9318181818181818,0.6938775510204082,La Liga
3825654,Valencia,Celta Vigo,Away,0.803921568627451,0.6909090909090909,La Liga
3825653,Eibar,Getafe,Home,0.9791666666666666,0.5507246376811594,La Liga
3825653,Getafe,Eibar,Away,1.0851063829787233,0.6153846153846154,La Liga
3825651,Espanyol,Granada,Home,1.048780487804878,0.5964912280701754,La Liga
3825651,Granada,Espanyol,Away,1.0357142857142858,0.8936170212765957,La Liga
3825650,Real Betis,Athletic Club,Home,0.6615384615384615,1.15,La Liga
3825650,Athletic Club,Real Betis,Away,0.8727272727272727,0.4838709677419355,La Liga
3825649,Sporting Gijón,Málaga,Home,0.8571428571428571,0.5490196078431373,La Liga
3825649,Málaga,Sporting Gijón,Away,0.7058823529411765,0.6595744680851063,La Liga
3825648,Eibar,Rayo Vallecano,Home,1.4464285714285714,1.1607142857142858,La Liga
3825648,Rayo Vallecano,Eibar,Away,0.5208333333333334,0.6363636363636364,La Liga
3825765,Celta Vigo,Sevilla,Home,0.6428571428571429,1.170731707317073,La Liga
3825765,Sevilla,Celta Vigo,Away,1.1081081081081081,0.38181818181818183,La Liga
3825766,Real Betis,Valencia,Home,0.5098039215686274,0.6808510638297872,La Liga
3825766,Valencia,Real Betis,Away,0.803921568627451,0.6122448979591837,La Liga
3825764,Granada,Real Madrid,Home,1.3877551020408163,1.3333333333333333,La Liga
3825764,Real Madrid,Granada,Away,0.8461538461538461,0.9782608695652174,La Liga
3825760,Atlético Madrid,Eibar,Home,0.5892857142857143,0.7555555555555555,La Liga
3825760,Eibar,Atlético Madrid,Away,1.0,0.5918367346938775,La Liga
3825763,Rayo Vallecano,Las Palmas,Home,0.859375,0.8653846153846154,La Liga
3825763,Las Palmas,Rayo Vallecano,Away,0.75,0.7068965517241379,La Liga
3825761,Athletic Club,Villarreal,Home,0.9333333333333333,0.7358490566037735,La Liga
3825761,Villarreal,Athletic Club,Away,1.1636363636363636,1.0980392156862746,La Liga
3825762,Sporting Gijón,RC Deportivo La Coruña,Home,1.1063829787234043,0.5102040816326531,La Liga
3825762,RC Deportivo La Coruña,Sporting Gijón,Away,0.66,0.48214285714285715,La Liga
3825759,Málaga,Getafe,Home,0.6545454545454545,0.9555555555555556,La Liga
3825759,Getafe,Málaga,Away,0.8125,0.675,La Liga
3825758,RC Deportivo La Coruña,Rayo Vallecano,Home,0.9038461538461539,0.8392857142857143,La Liga
3825758,Rayo Vallecano,RC Deportivo La Coruña,Away,0.8,0.40625,La Liga
3825756,Sevilla,Levante UD,Home,0.6666666666666666,0.3,La Liga
3825756,Levante UD,Sevilla,Away,0.7291666666666666,0.918918918918919,La Liga
3825755,Valencia,Sporting Gijón,Home,1.0833333333333333,0.8275862068965517,La Liga
3825755,Sporting Gijón,Valencia,Away,0.8113207547169812,0.864406779661017,La Liga
3825754,Las Palmas,Celta Vigo,Home,1.0,1.05,La Liga
3825754,Celta Vigo,Las Palmas,Away,0.43103448275862066,0.6730769230769231,La Liga
3825750,Real Sociedad,Real Betis,Home,1.8070175438596492,0.9107142857142857,La Liga
3825750,Real Betis,Real Sociedad,Away,0.3695652173913043,0.5192307692307693,La Liga
3825752,Eibar,Málaga,Home,0.5636363636363636,0.5106382978723404,La Liga
3825752,Málaga,Eibar,Away,0.5151515151515151,0.5357142857142857,La Liga
3825751,Getafe,Athletic Club,Home,0.7608695652173914,0.6,La Liga
3825751,Athletic Club,Getafe,Away,1.565217391304348,1.1228070175438596,La Liga
3825753,Villarreal,Granada,Home,0.6428571428571429,0.7872340425531915,La Liga
3825753,Granada,Villarreal,Away,1.0,1.3829787234042554,La Liga
3825749,Levante UD,Las Palmas,Home,0.7636363636363637,0.6346153846153846,La Liga
3825749,Las Palmas,Levante UD,Away,0.85,0.95,La Liga
3825747,Athletic Club,Eibar,Home,0.7169811320754716,0.8,La Liga
3825747,Eibar,Athletic Club,Away,0.43103448275862066,0.9090909090909091,La Liga
3825748,Atlético Madrid,Sevilla,Home,1.183673469387755,0.918918918918919,La Liga
3825748,Sevilla,Atlético Madrid,Away,0.4166666666666667,0.40425531914893614,La Liga
3825745,RC Deportivo La Coruña,Valencia,Home,0.717391304347826,0.7258064516129032,La Liga
3825745,Valencia,RC Deportivo La Coruña,Away,0.34,0.38636363636363635,La Liga
3825746,Real Betis,Real Madrid,Home,0.8367346938775511,0.6730769230769231,La Liga
3825746,Real Madrid,Real Betis,Away,0.6346153846153846,0.9285714285714286,La Liga
3825743,Rayo Vallecano,Celta Vigo,Home,0.9487179487179487,0.9090909090909091,La Liga
3825743,Celta Vigo,Rayo Vallecano,Away,0.5490196078431373,0.6440677966101694,La Liga
3825744,Espanyol,Villarreal,Home,1.0,0.5576923076923077,La Liga
3825744,Villarreal,Espanyol,Away,1.2765957446808511,0.8717948717948718,La Liga
3825742,Granada,Getafe,Home,1.4680851063829787,0.625,La Liga
3825742,Getafe,Granada,Away,0.9230769230769231,0.9375,La Liga
3825741,Sporting Gijón,Real Sociedad,Home,1.0,0.6458333333333334,La Liga
3825741,Real Sociedad,Sporting Gijón,Away,0.9111111111111111,1.0,La Liga
3825738,Las Palmas,Atlético Madrid,Home,0.6888888888888889,0.6590909090909091,La Liga
3825738,Atlético Madrid,Las Palmas,Away,1.290909090909091,0.9807692307692307,La Liga
3825737,Getafe,Espanyol,Home,1.024390243902439,0.8529411764705882,La Liga
3825737,Espanyol,Getafe,Away,0.9523809523809523,0.8085106382978723,La Liga
3825734,Real Sociedad,RC Deportivo La Coruña,Home,1.4782608695652173,1.2765957446808511,La Liga
3825734,RC Deportivo La Coruña,Real Sociedad,Away,0.6938775510204082,0.6153846153846154,La Liga
3825733,Sevilla,Málaga,Home,0.8913043478260869,0.5714285714285714,La Liga
3825733,Málaga,Sevilla,Away,1.4318181818181819,1.4782608695652173,La Liga
3825732,Celta Vigo,Levante UD,Home,1.1538461538461537,0.7291666666666666,La Liga
3825732,Levante UD,Celta Vigo,Away,0.6933333333333334,0.9,La Liga
3825735,Villarreal,Real Betis,Home,0.7636363636363637,0.7872340425531915,La Liga
3825735,Real Betis,Villarreal,Away,0.8636363636363636,0.8723404255319149,La Liga
3825729,Villarreal,Sporting Gijón,Home,0.8867924528301887,0.8723404255319149,La Liga
3825729,Sporting Gijón,Villarreal,Away,0.9545454545454546,1.380952380952381,La Liga
3825728,Celta Vigo,Atlético Madrid,Home,0.875,1.0,La Liga
3825728,Atlético Madrid,Celta Vigo,Away,1.3111111111111111,0.625,La Liga
3825730,Real Sociedad,Valencia,Home,0.8833333333333333,1.2040816326530612,La Liga
3825730,Valencia,Real Sociedad,Away,0.8653846153846154,0.43859649122807015,La Liga
3825727,Eibar,Espanyol,Home,1.175,0.6724137931034483,La Liga
3825727,Espanyol,Eibar,Away,0.5538461538461539,0.5245901639344263,La Liga
3825723,Levante UD,Rayo Vallecano,Home,0.7741935483870968,0.45901639344262296,La Liga
3825723,Rayo Vallecano,Levante UD,Away,0.8983050847457628,0.8627450980392157,La Liga
3825726,Sevilla,Athletic Club,Home,0.6170212765957447,0.5434782608695652,La Liga
3825726,Athletic Club,Sevilla,Away,1.3409090909090908,1.2352941176470589,La Liga
3825725,Getafe,Real Betis,Home,0.8974358974358975,1.0980392156862746,La Liga
3825725,Real Betis,Getafe,Away,0.625,0.54,La Liga
3825724,Real Madrid,RC Deportivo La Coruña,Home,0.6031746031746031,0.4126984126984127,La Liga
3825724,RC Deportivo La Coruña,Real Madrid,Away,0.4714285714285714,0.6326530612244898,La Liga
3825722,Sporting Gijón,Getafe,Home,0.6862745098039216,0.47058823529411764,La Liga
3825722,Getafe,Sporting Gijón,Away,0.5686274509803921,0.9302325581395349,La Liga
3825716,Rayo Vallecano,Real Sociedad,Home,0.47368421052631576,0.9019607843137255,La Liga
3825716,Real Sociedad,Rayo Vallecano,Away,1.0576923076923077,0.41509433962264153,La Liga
3825719,Athletic Club,Las Palmas,Home,1.2586206896551724,1.1379310344827587,La Liga
3825719,Las Palmas,Athletic Club,Away,0.74,0.7906976744186046,La Liga
3825720,Real Betis,Eibar,Home,0.9130434782608695,0.74,La Liga
3825720,Eibar,Real Betis,Away,0.48214285714285715,0.8723404255319149,La Liga
3825717,Granada,Sevilla,Home,0.8,0.5,La Liga
3825717,Sevilla,Granada,Away,0.6976744186046512,0.4418604651162791,La Liga
3825721,RC Deportivo La Coruña,Villarreal,Home,1.3111111111111111,0.7592592592592593,La Liga
3825721,Villarreal,RC Deportivo La Coruña,Away,0.5,0.32142857142857145,La Liga
3825718,Valencia,Real Madrid,Home,1.0238095238095237,0.7083333333333334,La Liga
3825718,Real Madrid,Valencia,Away,0.5869565217391305,0.5,La Liga
3825715,Málaga,Celta Vigo,Home,1.3125,0.9423076923076923,La Liga
3825715,Celta Vigo,Málaga,Away,0.5106382978723404,0.43137254901960786,La Liga
3825714,Atlético Madrid,Levante UD,Home,1.0,0.8723404255319149,La Liga
3825714,Levante UD,Atlético Madrid,Away,0.9056603773584906,0.6078431372549019,La Liga
3825713,Villarreal,Valencia,Home,0.8125,0.7627118644067796,La Liga
3825713,Valencia,Villarreal,Away,0.3269230769230769,0.8048780487804879,La Liga
3825710,Real Madrid,Real Sociedad,Home,0.6341463414634146,0.673469387755102,La Liga
3825710,Real Sociedad,Real Madrid,Away,0.5645161290322581,1.2641509433962264,La Liga
3825709,Sevilla,Espanyol,Home,1.0,0.3048780487804878,La Liga
3825709,Espanyol,Sevilla,Away,0.7708333333333334,0.8478260869565217,La Liga
3825646,Villarreal,Sevilla,Home,0.3695652173913043,0.9069767441860465,La Liga
3825646,Sevilla,Villarreal,Away,0.7674418604651163,0.9142857142857143,La Liga
3825645,Getafe,Barcelona,Home,0.30158730158730157,0.6190476190476191,La Liga
3825645,Barcelona,Getafe,Away,1.3902439024390243,0.8775510204081632,La Liga
3825644,Real Sociedad,Celta Vigo,Home,0.8536585365853658,0.7254901960784313,La Liga
3825644,Celta Vigo,Real Sociedad,Away,0.5,0.8333333333333334,La Liga
3825640,Levante UD,Real Sociedad,Home,0.8372093023255814,0.8979591836734694,La Liga
3825640,Real Sociedad,Levante UD,Away,0.673469387755102,0.8307692307692308,La Liga
3825639,Las Palmas,Villarreal,Home,0.7555555555555555,0.5192307692307693,La Liga
3825639,Villarreal,Las Palmas,Away,1.2830188679245282,0.7818181818181819,La Liga
3825636,Málaga,RC Deportivo La Coruña,Home,0.45588235294117646,0.6078431372549019,La Liga
3825636,RC Deportivo La Coruña,Málaga,Away,0.5087719298245614,1.0,La Liga
3825635,Celta Vigo,Real Madrid,Home,1.04,1.0434782608695652,La Liga
3825635,Real Madrid,Celta Vigo,Away,0.4897959183673469,0.7058823529411765,La Liga
3825634,Granada,Real Betis,Home,1.0444444444444445,0.8103448275862069,La Liga
3825634,Real Betis,Granada,Away,0.8,0.6458333333333334,La Liga
3825633,Rayo Vallecano,Espanyol,Home,0.5098039215686274,0.7647058823529411,La Liga
3825633,Espanyol,Rayo Vallecano,Away,0.3157894736842105,0.30612244897959184,La Liga
3825632,Sporting Gijón,Granada,Home,0.7692307692307693,0.6046511627906976,La Liga
3825632,Granada,Sporting Gijón,Away,0.5740740740740741,0.4918032786885246,La Liga
3825631,Real Sociedad,Atlético Madrid,Home,0.4807692307692308,0.775,La Liga
3825631,Atlético Madrid,Real Sociedad,Away,0.8666666666666667,0.54,La Liga
3825630,RC Deportivo La Coruña,Athletic Club,Home,0.8181818181818182,1.1777777777777778,La Liga
3825630,Athletic Club,RC Deportivo La Coruña,Away,0.5,0.7,La Liga
3825629,Villarreal,Celta Vigo,Home,0.7446808510638298,0.5769230769230769,La Liga
3825629,Celta Vigo,Villarreal,Away,0.8703703703703703,0.9166666666666666,La Liga
3825627,Barcelona,Rayo Vallecano,Home,1.1176470588235294,0.8070175438596491,La Liga
3825627,Rayo Vallecano,Barcelona,Away,0.9333333333333333,1.2352941176470589,La Liga
3825625,Real Madrid,Levante UD,Home,0.673469387755102,0.7884615384615384,La Liga
3825625,Levante UD,Real Madrid,Away,0.4791666666666667,0.43137254901960786,La Liga
3825624,Eibar,Sevilla,Home,0.8392857142857143,0.6666666666666666,La Liga
3825624,Sevilla,Eibar,Away,0.8596491228070176,0.54,La Liga
3825622,Athletic Club,Valencia,Home,0.8888888888888888,0.5128205128205128,La Liga
3825622,Valencia,Athletic Club,Away,0.40816326530612246,0.4117647058823529,La Liga
3825621,Atlético Madrid,Real Madrid,Home,1.2093023255813953,1.0833333333333333,La Liga
3825621,Real Madrid,Atlético Madrid,Away,0.7,0.43548387096774194,La Liga
3825620,Rayo Vallecano,Real Betis,Home,0.9302325581395349,1.02,La Liga
3825620,Real Betis,Rayo Vallecano,Away,0.6206896551724138,0.2692307692307692,La Liga
3825617,Sevilla,Barcelona,Home,0.828125,0.5892857142857143,La Liga
3825617,Barcelona,Sevilla,Away,0.34545454545454546,0.66,La Liga
3825615,Espanyol,Sporting Gijón,Home,1.0188679245283019,1.1296296296296295,La Liga
3825615,Sporting Gijón,Espanyol,Away,0.8235294117647058,0.7857142857142857,La Liga
3825613,Celta Vigo,Getafe,Home,1.1041666666666667,1.0217391304347827,La Liga
3825613,Getafe,Celta Vigo,Away,0.45098039215686275,0.8928571428571429,La Liga
3825610,Sporting Gijón,Real Betis,Home,0.8536585365853658,0.5272727272727272,La Liga
3825610,Real Betis,Sporting Gijón,Away,0.7083333333333334,0.625,La Liga
3825606,Real Madrid,Málaga,Home,0.4222222222222222,0.4807692307692308,La Liga
3825606,Málaga,Real Madrid,Away,0.5370370370370371,0.2413793103448276,La Liga
3825605,Sevilla,Rayo Vallecano,Home,1.0416666666666667,0.847457627118644,La Liga
3825605,Rayo Vallecano,Sevilla,Away,0.8043478260869565,0.72,La Liga
3825604,Valencia,Granada,Home,0.8478260869565217,0.72,La Liga
3825604,Granada,Valencia,Away,0.7818181818181819,0.6290322580645161,La Liga
3825603,Real Betis,RC Deportivo La Coruña,Home,0.9130434782608695,0.8461538461538461,La Liga
3825603,RC Deportivo La Coruña,Real Betis,Away,0.8947368421052632,0.8163265306122449,La Liga
3825602,Athletic Club,Real Madrid,Home,0.7777777777777778,1.2352941176470589,La Liga
3825602,Real Madrid,Athletic Club,Away,0.4222222222222222,0.3333333333333333,La Liga
3825600,Málaga,Villarreal,Home,0.6037735849056604,0.6122448979591837,La Liga
3825600,Villarreal,Málaga,Away,1.0,0.673469387755102,La Liga
3825599,Espanyol,Valencia,Home,1.2272727272727273,0.9814814814814815,La Liga
3825599,Valencia,Espanyol,Away,0.8043478260869565,0.6607142857142857,La Liga
3825597,Las Palmas,Rayo Vallecano,Home,0.7872340425531915,0.8653846153846154,La Liga
3825597,Rayo Vallecano,Las Palmas,Away,0.6206896551724138,0.6229508196721312,La Liga
3825596,RC Deportivo La Coruña,Sporting Gijón,Home,0.9736842105263158,1.0681818181818181,La Liga
3825596,Sporting Gijón,RC Deportivo La Coruña,Away,0.5660377358490566,0.6129032258064516,La Liga
3825594,Sevilla,Celta Vigo,Home,1.0,1.0444444444444445,La Liga
3825594,Celta Vigo,Sevilla,Away,1.2790697674418605,0.72,La Liga
3825593,Eibar,Atlético Madrid,Home,0.5972222222222222,1.1333333333333333,La Liga
3825593,Atlético Madrid,Eibar,Away,0.5769230769230769,0.575,La Liga
3825592,Real Sociedad,Espanyol,Home,1.1636363636363636,1.0,La Liga
3825592,Espanyol,Real Sociedad,Away,0.38,0.6226415094339622,La Liga
3825591,Valencia,Real Betis,Home,0.6363636363636364,1.325,La Liga
3825591,Real Betis,Valencia,Away,0.8367346938775511,0.25925925925925924,La Liga
3825590,Real Madrid,Granada,Home,0.8536585365853658,0.7608695652173914,La Liga
3825590,Granada,Real Madrid,Away,0.9830508474576272,0.9827586206896551,La Liga
3825589,Getafe,Málaga,Home,1.0545454545454545,0.734375,La Liga
3825589,Málaga,Getafe,Away,0.8148148148148148,0.7608695652173914,La Liga
3825588,Rayo Vallecano,RC Deportivo La Coruña,Home,1.2894736842105263,0.5535714285714286,La Liga
3825588,RC Deportivo La Coruña,Rayo Vallecano,Away,0.7647058823529411,0.75,La Liga
3825587,Athletic Club,Getafe,Home,0.9130434782608695,0.7358490566037735,La Liga
3825587,Getafe,Athletic Club,Away,0.8269230769230769,0.631578947368421,La Liga
3825586,Málaga,Eibar,Home,1.0952380952380953,0.5535714285714286,La Liga
3825586,Eibar,Málaga,Away,0.8113207547169812,1.3157894736842106,La Liga
3825585,Celta Vigo,Las Palmas,Home,1.0625,1.1777777777777778,La Liga
3825585,Las Palmas,Celta Vigo,Away,0.5932203389830508,0.1702127659574468,La Liga
3825583,Sporting Gijón,Valencia,Home,1.037037037037037,0.6666666666666666,La Liga
3825583,Valencia,Sporting Gijón,Away,1.2,0.7068965517241379,La Liga
3825582,Real Betis,Real Sociedad,Home,0.8571428571428571,0.4117647058823529,La Liga
3825582,Real Sociedad,Real Betis,Away,0.6666666666666666,1.1764705882352942,La Liga
3825581,Espanyol,Real Madrid,Home,1.3571428571428572,0.7346938775510204,La Liga
3825581,Real Madrid,Espanyol,Away,0.6590909090909091,0.5952380952380952,La Liga
3825580,Levante UD,Sevilla,Home,0.8627450980392157,0.5384615384615384,La Liga
3825580,Sevilla,Levante UD,Away,0.7254901960784313,0.7391304347826086,La Liga
3825578,Eibar,Athletic Club,Home,0.9024390243902439,0.8541666666666666,La Liga
3825578,Athletic Club,Eibar,Away,0.6666666666666666,0.7962962962962963,La Liga
3825577,Getafe,Granada,Home,0.6170212765957447,0.85,La Liga
3825577,Granada,Getafe,Away,0.6290322580645161,0.7547169811320755,La Liga
3825576,Valencia,RC Deportivo La Coruña,Home,1.0,0.8163265306122449,La Liga
3825576,RC Deportivo La Coruña,Valencia,Away,0.7551020408163265,0.7192982456140351,La Liga
3825575,Las Palmas,Levante UD,Home,1.380952380952381,0.8536585365853658,La Liga
3825575,Levante UD,Las Palmas,Away,1.0,0.8431372549019608,La Liga
3825574,Celta Vigo,Rayo Vallecano,Home,1.2542372881355932,1.6511627906976745,La Liga
3825574,Rayo Vallecano,Celta Vigo,Away,0.8235294117647058,0.6888888888888889,La Liga
3825573,Real Sociedad,Sporting Gijón,Home,0.775,0.8478260869565217,La Liga
3825573,Sporting Gijón,Real Sociedad,Away,0.6461538461538462,0.72,La Liga
3825571,Villarreal,Espanyol,Home,0.8727272727272727,1.2727272727272727,La Liga
3825571,Espanyol,Villarreal,Away,0.6666666666666666,0.46153846153846156,La Liga
3825569,Levante UD,Celta Vigo,Home,0.5714285714285714,0.35,La Liga
3825569,Celta Vigo,Levante UD,Away,0.7804878048780488,0.6888888888888889,La Liga
3825568,Real Betis,Villarreal,Home,0.9772727272727273,0.6444444444444445,La Liga
3825568,Villarreal,Real Betis,Away,0.375,0.4117647058823529,La Liga
3825567,Sporting Gijón,Real Madrid,Home,0.7555555555555555,0.84,La Liga
3825567,Real Madrid,Sporting Gijón,Away,0.3409090909090909,0.8717948717948718,La Liga
3825566,Rayo Vallecano,Valencia,Home,1.037037037037037,0.8113207547169812,La Liga
3825566,Valencia,Rayo Vallecano,Away,1.5952380952380953,1.1875,La Liga
3825565,Espanyol,Getafe,Home,0.8245614035087719,0.8461538461538461,La Liga
3825565,Getafe,Espanyol,Away,0.8,0.85,La Liga
3825564,RC Deportivo La Coruña,Real Sociedad,Home,0.5102040816326531,0.5128205128205128,La Liga
3825564,Real Sociedad,RC Deportivo La Coruña,Away,0.6153846153846154,0.9,La Liga
3825563,Atlético Madrid,Las Palmas,Home,0.9069767441860465,1.25,La Liga
3825563,Las Palmas,Atlético Madrid,Away,0.7446808510638298,0.7954545454545454,La Liga
266498,Barcelona,Getafe,Home,1.1142857142857143,1.1951219512195121,La Liga
266498,Getafe,Barcelona,Away,0.48936170212765956,1.0,La Liga
266986,Real Betis,Barcelona,Home,0.5,0.5294117647058824,La Liga
266986,Barcelona,Real Betis,Away,1.131578947368421,2.027027027027027,La Liga
267533,Barcelona,Real Madrid,Home,0.8181818181818182,0.8260869565217391,La Liga
267533,Real Madrid,Barcelona,Away,0.47368421052631576,0.6521739130434783,La Liga
266310,RC Deportivo La Coruña,Barcelona,Home,0.5454545454545454,1.967741935483871,La Liga
266310,Barcelona,RC Deportivo La Coruña,Away,0.8333333333333334,1.0857142857142856,La Liga
267576,Barcelona,Atlético Madrid,Home,0.7575757575757576,0.8529411764705882,La Liga
267576,Atlético Madrid,Barcelona,Away,1.1951219512195121,0.9512195121951219,La Liga
266653,Rayo Vallecano,Barcelona,Home,1.1,0.975609756097561,La Liga
266653,Barcelona,Rayo Vallecano,Away,1.1224489795918366,0.813953488372093,La Liga
265944,Barcelona,Sporting Gijón,Home,0.9117647058823529,1.28125,La Liga
265944,Sporting Gijón,Barcelona,Away,1.2727272727272727,0.40425531914893614,La Liga
265894,Málaga,Barcelona,Home,0.7142857142857143,0.6031746031746031,La Liga
265894,Barcelona,Málaga,Away,0.6739130434782609,0.7428571428571429,La Liga
265958,Barcelona,Espanyol,Home,1.0285714285714285,0.8372093023255814,La Liga
265958,Espanyol,Barcelona,Away,0.5471698113207547,0.6862745098039216,La Liga
267611,Barcelona,Las Palmas,Home,1.2894736842105263,0.8085106382978723,La Liga
267611,Las Palmas,Barcelona,Away,0.875,1.0612244897959184,La Liga
267422,Barcelona,Málaga,Home,0.4146341463414634,0.5121951219512195,La Liga
267422,Málaga,Barcelona,Away,0.8867924528301887,0.38596491228070173,La Liga
266236,Athletic Club,Barcelona,Home,2.2222222222222223,1.6274509803921569,La Liga
266236,Barcelona,Athletic Club,Away,0.4857142857142857,0.6410256410256411,La Liga
267274,Valencia,Barcelona,Home,0.7954545454545454,1.2653061224489797,La Liga
267274,Barcelona,Valencia,Away,1.2682926829268293,1.0,La Liga
266961,Barcelona,RC Deportivo La Coruña,Home,1.027027027027027,1.1904761904761905,La Liga
266961,RC Deportivo La Coruña,Barcelona,Away,0.6875,0.6727272727272727,La Liga
266885,Barcelona,Real Sociedad,Home,0.6976744186046512,0.40816326530612246,La Liga
266885,Real Sociedad,Barcelona,Away,1.3404255319148937,1.297872340425532,La Liga
266815,Sporting Gijón,Barcelona,Home,0.55,1.1923076923076923,La Liga
266815,Barcelona,Sporting Gijón,Away,0.8484848484848485,0.8461538461538461,La Liga
267506,Granada,Barcelona,Home,0.6666666666666666,1.05,La Liga
267506,Barcelona,Granada,Away,0.975,0.825,La Liga
266664,Real Sociedad,Barcelona,Home,0.9565217391304348,0.9259259259259259,La Liga
266664,Barcelona,Real Sociedad,Away,0.9090909090909091,1.0526315789473684,La Liga
266106,Villarreal,Barcelona,Home,1.2105263157894737,1.0769230769230769,La Liga
266106,Barcelona,Villarreal,Away,0.675,0.42105263157894735,La Liga
266670,Espanyol,Barcelona,Home,0.8958333333333334,1.163265306122449,La Liga
266670,Barcelona,Espanyol,Away,0.5526315789473685,1.3571428571428572,La Liga
266149,Barcelona,Athletic Club,Home,0.9090909090909091,0.5,La Liga
266149,Athletic Club,Barcelona,Away,0.6756756756756757,0.5405405405405406,La Liga
266620,Barcelona,Granada,Home,0.9777777777777777,1.0638297872340425,La Liga
266620,Granada,Barcelona,Away,1.0535714285714286,0.8909090909090909,La Liga
266056,Eibar,Barcelona,Home,1.7708333333333333,1.3863636363636365,La Liga
266056,Barcelona,Eibar,Away,0.34,0.4482758620689655,La Liga
267327,Barcelona,Real Betis,Home,1.1395348837209303,0.975,La Liga
267327,Real Betis,Barcelona,Away,0.8205128205128205,1.1136363636363635,La Liga
266166,Atlético Madrid,Barcelona,Home,1.2727272727272727,0.9795918367346939,La Liga
266166,Barcelona,Atlético Madrid,Away,1.0526315789473684,0.6176470588235294,La Liga
266160,Levante UD,Barcelona,Home,0.9302325581395349,0.7450980392156863,La Liga
266160,Barcelona,Levante UD,Away,0.8478260869565217,0.5121951219512195,La Liga
265839,Barcelona,Sevilla,Home,1.3170731707317074,0.5087719298245614,La Liga
265839,Sevilla,Barcelona,Away,0.7105263157894737,0.9387755102040817,La Liga
266424,Real Madrid,Barcelona,Home,1.173913043478261,0.5517241379310345,La Liga
266424,Barcelona,Real Madrid,Away,0.6153846153846154,0.5833333333333334,La Liga
266467,Celta Vigo,Barcelona,Home,0.875,0.5818181818181818,La Liga
266467,Barcelona,Celta Vigo,Away,0.8409090909090909,1.1842105263157894,La Liga
267273,Las Palmas,Barcelona,Home,0.7804878048780488,0.5283018867924528,La Liga
267273,Barcelona,Las Palmas,Away,0.9523809523809523,1.4285714285714286,La Liga
266490,Barcelona,Levante UD,Home,0.9818181818181818,0.8974358974358975,La Liga
266490,Levante UD,Barcelona,Away,0.5882352941176471,0.6964285714285714,La Liga
266254,Barcelona,Celta Vigo,Home,1.3488372093023255,2.090909090909091,La Liga
266254,Celta Vigo,Barcelona,Away,1.1666666666666667,0.7021276595744681,La Liga
266557,Barcelona,Valencia,Home,1.1578947368421053,1.069767441860465,La Liga
266557,Valencia,Barcelona,Away,0.6470588235294118,0.48,La Liga
3901259,Troyes,Olympique de Marseille,Home,0.4098360655737705,0.46808510638297873,Ligue 1
3901259,Olympique de Marseille,Troyes,Away,2.1794871794871793,1.0344827586206897,Ligue 1
3900533,AS Monaco,Stade Malherbe Caen,Home,0.5625,0.9803921568627451,Ligue 1
3900533,Stade Malherbe Caen,AS Monaco,Away,0.4166666666666667,0.46551724137931033,Ligue 1
3900528,Bordeaux,Stade Malherbe Caen,Home,1.275,1.0869565217391304,Ligue 1
3900528,Stade Malherbe Caen,Bordeaux,Away,0.5454545454545454,0.7636363636363637,Ligue 1
3900629,Olympique de Marseille,Paris Saint-Germain,Home,1.5217391304347827,1.2708333333333333,Ligue 1
3900629,Paris Saint-Germain,Olympique de Marseille,Away,0.76,0.4230769230769231,Ligue 1
3829509,Olympique de Marseille,Lorient,Home,0.6909090909090909,0.7755102040816326,Ligue 1
3829509,Lorient,Olympique de Marseille,Away,0.9347826086956522,0.8245614035087719,Ligue 1
3901251,Olympique de Marseille,Stade de Reims,Home,0.8979591836734694,0.5471698113207547,Ligue 1
3901251,Stade de Reims,Olympique de Marseille,Away,0.7592592592592593,1.469387755102041,Ligue 1
3829499,Stade Malherbe Caen,Saint-Étienne,Home,0.5178571428571429,0.5740740740740741,Ligue 1
3829499,Saint-Étienne,Stade Malherbe Caen,Away,1.0588235294117647,0.8095238095238095,Ligue 1
3900507,Olympique de Marseille,OGC Nice,Home,1.392156862745098,1.3,Ligue 1
3900507,OGC Nice,Olympique de Marseille,Away,0.7169811320754716,0.18032786885245902,Ligue 1
3900527,Olympique de Marseille,AS Monaco,Home,1.0,0.7959183673469388,Ligue 1
3900527,AS Monaco,Olympique de Marseille,Away,0.9772727272727273,0.8793103448275862,Ligue 1
3901162,Stade Malherbe Caen,AS Monaco,Home,0.9523809523809523,0.8163265306122449,Ligue 1
3901162,AS Monaco,Stade Malherbe Caen,Away,0.9629629629629629,0.92,Ligue 1
3900608,Stade Malherbe Caen,OGC Nice,Home,0.6739130434782609,0.6379310344827587,Ligue 1
3900608,OGC Nice,Stade Malherbe Caen,Away,0.85,0.8780487804878049,Ligue 1
3900589,Stade Malherbe Caen,Olympique de Marseille,Home,1.1323529411764706,0.9836065573770492,Ligue 1
3900589,Olympique de Marseille,Stade Malherbe Caen,Away,1.0208333333333333,0.8333333333333334,Ligue 1
3901169,Olympique de Marseille,Toulouse,Home,1.2045454545454546,1.1607142857142858,Ligue 1
3901169,Toulouse,Olympique de Marseille,Away,0.75,0.5208333333333334,Ligue 1
3901241,Stade Malherbe Caen,Bastia,Home,0.6981132075471698,0.6379310344827587,Ligue 1
3901241,Bastia,Stade Malherbe Caen,Away,1.0701754385964912,0.7719298245614035,Ligue 1
3900577,Olympique de Marseille,Guingamp,Home,0.7631578947368421,0.8913043478260869,Ligue 1
3900577,Guingamp,Olympique de Marseille,Away,0.6326530612244898,0.5370370370370371,Ligue 1
3901152,Stade Malherbe Caen,Rennes,Home,1.2884615384615385,1.2040816326530612,Ligue 1
3901152,Rennes,Stade Malherbe Caen,Away,0.9782608695652174,0.9074074074074074,Ligue 1
3900559,Olympique de Marseille,Gazélec Ajaccio,Home,1.4444444444444444,0.8478260869565217,Ligue 1
3900559,Gazélec Ajaccio,Olympique de Marseille,Away,0.66,0.5245901639344263,Ligue 1
3900562,Stade Malherbe Caen,Paris Saint-Germain,Home,0.8958333333333334,1.9,Ligue 1
3900562,Paris Saint-Germain,Stade Malherbe Caen,Away,0.6818181818181818,0.94,Ligue 1
3829472,Olympique de Marseille,Lyon,Home,1.0,0.660377358490566,Ligue 1
3829472,Lyon,Olympique de Marseille,Away,1.069767441860465,1.2244897959183674,Ligue 1
3829444,Stade Malherbe Caen,Lyon,Home,0.72,0.7555555555555555,Ligue 1
3829444,Lyon,Stade Malherbe Caen,Away,0.8518518518518519,0.5535714285714286,Ligue 1
3829414,Olympique de Marseille,Stade Malherbe Caen,Home,0.782608695652174,0.8297872340425532,Ligue 1
3829414,Stade Malherbe Caen,Olympique de Marseille,Away,0.9272727272727272,0.5862068965517241,Ligue 1
3901190,Stade Malherbe Caen,Troyes,Home,1.0,0.7419354838709677,Ligue 1
3901190,Troyes,Stade Malherbe Caen,Away,0.423728813559322,0.66,Ligue 1
3829441,Olympique de Marseille,Troyes,Home,1.0975609756097562,0.7,Ligue 1
3829441,Troyes,Olympique de Marseille,Away,0.6,0.9,Ligue 1
3829461,Olympique de Marseille,Bastia,Home,1.131578947368421,1.0,Ligue 1
3829461,Bastia,Olympique de Marseille,Away,0.6956521739130435,1.2702702702702702,Ligue 1
3901150,Olympique de Marseille,Saint-Étienne,Home,1.0,1.3461538461538463,Ligue 1
3901150,Saint-Étienne,Olympique de Marseille,Away,1.105263157894737,1.1224489795918366,Ligue 1
3901199,Rennes,Stade de Reims,Home,0.9347826086956522,0.660377358490566,Ligue 1
3901199,Stade de Reims,Rennes,Away,1.2666666666666666,1.1153846153846154,Ligue 1
3901178,Lorient,Olympique de Marseille,Home,,,Ligue 1
3901178,Olympique de Marseille,Lorient,Away,0.0,0.0,Ligue 1
3901260,Lorient,Gazélec Ajaccio,Home,0.4339622641509434,0.76,Ligue 1
3901260,Gazélec Ajaccio,Lorient,Away,1.6041666666666667,1.1538461538461537,Ligue 1
3829470,Saint-Étienne,Nantes,Home,1.26,0.5873015873015873,Ligue 1
3829470,Nantes,Saint-Étienne,Away,0.8333333333333334,1.3137254901960784,Ligue 1
3901263,Rennes,Bastia,Home,0.6410256410256411,1.0714285714285714,Ligue 1
3901263,Bastia,Rennes,Away,0.7142857142857143,0.46153846153846156,Ligue 1
3900594,Nantes,Bordeaux,Home,0.7931034482758621,0.6785714285714286,Ligue 1
3900594,Bordeaux,Nantes,Away,1.2340425531914894,0.8461538461538461,Ligue 1
3900587,Saint-Étienne,Lyon,Home,0.8,1.2641509433962264,Ligue 1
3900587,Lyon,Saint-Étienne,Away,0.775,0.9347826086956522,Ligue 1
3900541,Bastia,AS Monaco,Home,0.7692307692307693,1.1521739130434783,Ligue 1
3900541,AS Monaco,Bastia,Away,0.9411764705882353,0.8615384615384616,Ligue 1
3900596,Guingamp,Bastia,Home,1.024390243902439,0.8222222222222222,Ligue 1
3900596,Bastia,Guingamp,Away,0.6538461538461539,0.43333333333333335,Ligue 1
3900591,Paris Saint-Germain,Angers,Home,0.9591836734693877,1.4146341463414633,Ligue 1
3900591,Angers,Paris Saint-Germain,Away,0.782608695652174,1.3255813953488371,Ligue 1
3901188,Saint-Étienne,Montpellier,Home,1.2340425531914894,0.6326530612244898,Ligue 1
3901188,Montpellier,Saint-Étienne,Away,0.625,1.183673469387755,Ligue 1
3901184,Olympique de Marseille,Rennes,Home,1.4,1.205128205128205,Ligue 1
3901184,Rennes,Olympique de Marseille,Away,0.423728813559322,0.41818181818181815,Ligue 1
3901182,Nantes,Angers,Home,1.04,1.0,Ligue 1
3901182,Angers,Nantes,Away,0.9454545454545454,0.8823529411764706,Ligue 1
3901170,Rennes,Nantes,Home,1.0222222222222221,0.9583333333333334,Ligue 1
3901170,Nantes,Rennes,Away,0.9512195121951219,1.1666666666666667,Ligue 1
3901166,Paris Saint-Germain,Montpellier,Home,1.0204081632653061,1.0,Ligue 1
3901166,Montpellier,Paris Saint-Germain,Away,1.7727272727272727,1.4,Ligue 1
3901168,Lille,Stade de Reims,Home,1.28,1.1395348837209303,Ligue 1
3901168,Stade de Reims,Lille,Away,0.6206896551724138,1.14,Ligue 1
3900601,Gazélec Ajaccio,Montpellier,Home,0.24528301886792453,0.8181818181818182,Ligue 1
3900601,Montpellier,Gazélec Ajaccio,Away,0.72,0.39622641509433965,Ligue 1
3901262,Stade Malherbe Caen,Bordeaux,Home,0.5087719298245614,0.88,Ligue 1
3901262,Bordeaux,Stade Malherbe Caen,Away,1.3095238095238095,1.06,Ligue 1
3901261,Paris Saint-Germain,Nantes,Home,0.6511627906976745,0.5909090909090909,Ligue 1
3901261,Nantes,Paris Saint-Germain,Away,0.9375,0.8,Ligue 1
3901258,Guingamp,OGC Nice,Home,0.9761904761904762,1.1568627450980393,Ligue 1
3901258,OGC Nice,Guingamp,Away,1.1702127659574468,0.8103448275862069,Ligue 1
3901257,Saint-Étienne,Lille,Home,1.5,0.7551020408163265,Ligue 1
3901257,Lille,Saint-Étienne,Away,0.7692307692307693,0.5573770491803278,Ligue 1
3901256,AS Monaco,Montpellier,Home,0.9655172413793104,0.7333333333333333,Ligue 1
3901256,Montpellier,AS Monaco,Away,0.9152542372881356,1.4090909090909092,Ligue 1
3901255,Angers,Toulouse,Home,0.5357142857142857,0.7222222222222222,Ligue 1
3901255,Toulouse,Angers,Away,0.6415094339622641,0.7592592592592593,Ligue 1
3901254,Stade de Reims,Lyon,Home,0.7872340425531915,0.7592592592592593,Ligue 1
3901254,Lyon,Stade de Reims,Away,1.170731707317073,1.263157894736842,Ligue 1
3901253,Bordeaux,Paris Saint-Germain,Home,1.0227272727272727,0.8936170212765957,Ligue 1
3901253,Paris Saint-Germain,Bordeaux,Away,0.9743589743589743,1.0588235294117647,Ligue 1
3901252,Lyon,AS Monaco,Home,0.7021276595744681,1.2,Ligue 1
3901252,AS Monaco,Lyon,Away,1.2608695652173914,0.7142857142857143,Ligue 1
3901250,OGC Nice,Saint-Étienne,Home,1.0204081632653061,1.5483870967741935,Ligue 1
3901250,Saint-Étienne,OGC Nice,Away,0.8301886792452831,0.5777777777777777,Ligue 1
3901249,Montpellier,Rennes,Home,0.7954545454545454,1.1063829787234043,Ligue 1
3901249,Rennes,Montpellier,Away,0.9777777777777777,0.4489795918367347,Ligue 1
3901248,Lille,Guingamp,Home,0.6382978723404256,1.1063829787234043,Ligue 1
3901248,Guingamp,Lille,Away,0.62,0.3050847457627119,Ligue 1
3901247,Gazélec Ajaccio,Paris Saint-Germain,Home,1.054054054054054,1.1521739130434783,Ligue 1
3901247,Paris Saint-Germain,Gazélec Ajaccio,Away,1.05,0.6086956521739131,Ligue 1
3901246,Nantes,Stade Malherbe Caen,Home,,,Ligue 1
3901246,Stade Malherbe Caen,Nantes,Away,0.0,0.0,Ligue 1
3901245,Bordeaux,Lorient,Home,1.0222222222222221,0.62,Ligue 1
3901245,Lorient,Bordeaux,Away,0.7916666666666666,1.3571428571428572,Ligue 1
3901244,Toulouse,Troyes,Home,1.1372549019607843,1.3454545454545455,Ligue 1
3901244,Troyes,Toulouse,Away,0.6714285714285714,1.1016949152542372,Ligue 1
3901243,Bastia,Angers,Home,0.6545454545454545,1.0,Ligue 1
3901243,Angers,Bastia,Away,1.3333333333333333,1.1090909090909091,Ligue 1
3901242,Angers,Olympique de Marseille,Home,,,Ligue 1
3901242,Olympique de Marseille,Angers,Away,0.0,0.0,Ligue 1
3901240,Lorient,Lille,Home,1.0925925925925926,0.64,Ligue 1
3901240,Lille,Lorient,Away,0.7872340425531915,0.8571428571428571,Ligue 1
3901238,AS Monaco,Guingamp,Home,1.196078431372549,1.2115384615384615,Ligue 1
3901238,Guingamp,AS Monaco,Away,0.723404255319149,0.8947368421052632,Ligue 1
3901237,Saint-Étienne,Toulouse,Home,0.6666666666666666,0.5714285714285714,Ligue 1
3901237,Toulouse,Saint-Étienne,Away,0.42105263157894735,0.5490196078431373,Ligue 1
3901236,Nantes,OGC Nice,Home,1.2916666666666667,1.2708333333333333,Ligue 1
3901236,OGC Nice,Nantes,Away,0.7346938775510204,0.6666666666666666,Ligue 1
3901235,Lyon,Gazélec Ajaccio,Home,1.2682926829268293,1.2380952380952381,Ligue 1
3901235,Gazélec Ajaccio,Lyon,Away,0.7358490566037735,1.2765957446808511,Ligue 1
3901234,Stade de Reims,Montpellier,Home,0.46938775510204084,0.7777777777777778,Ligue 1
3901234,Montpellier,Stade de Reims,Away,0.8837209302325582,0.4482758620689655,Ligue 1
3901233,Paris Saint-Germain,Rennes,Home,0.9302325581395349,0.6052631578947368,Ligue 1
3901233,Rennes,Paris Saint-Germain,Away,0.5434782608695652,0.7555555555555555,Ligue 1
3901232,Lille,Angers,Home,1.4222222222222223,1.1136363636363635,Ligue 1
3901232,Angers,Lille,Away,0.9361702127659575,0.5344827586206896,Ligue 1
3901231,Rennes,AS Monaco,Home,1.3673469387755102,0.8913043478260869,Ligue 1
3901231,AS Monaco,Rennes,Away,1.0363636363636364,0.8333333333333334,Ligue 1
3901230,Gazélec Ajaccio,Bastia,Home,1.1346153846153846,0.6111111111111112,Ligue 1
3901230,Bastia,Gazélec Ajaccio,Away,0.5384615384615384,0.9615384615384616,Ligue 1
3901229,Guingamp,Stade Malherbe Caen,Home,,,Ligue 1
3901229,Stade Malherbe Caen,Guingamp,Away,0.0,0.0,Ligue 1
3901228,Saint-Étienne,Lorient,Home,1.36,0.7450980392156863,Ligue 1
3901228,Lorient,Saint-Étienne,Away,0.6666666666666666,0.6976744186046512,Ligue 1
3901227,Olympique de Marseille,Nantes,Home,0.7916666666666666,0.8245614035087719,Ligue 1
3901227,Nantes,Olympique de Marseille,Away,0.90625,1.14,Ligue 1
3901226,Montpellier,Troyes,Home,0.8292682926829268,0.49056603773584906,Ligue 1
3901226,Troyes,Montpellier,Away,0.7111111111111111,0.82,Ligue 1
3901225,Toulouse,Lyon,Home,1.2340425531914894,0.8679245283018868,Ligue 1
3901225,Lyon,Toulouse,Away,0.5111111111111111,0.5454545454545454,Ligue 1
3901224,OGC Nice,Stade de Reims,Home,0.47619047619047616,0.6428571428571429,Ligue 1
3901224,Stade de Reims,OGC Nice,Away,1.38,0.9803921568627451,Ligue 1
3901223,AS Monaco,Olympique de Marseille,Home,,,Ligue 1
3901223,Olympique de Marseille,AS Monaco,Away,0.0,0.0,Ligue 1
3901222,Nantes,Montpellier,Home,0.8181818181818182,0.5833333333333334,Ligue 1
3901222,Montpellier,Nantes,Away,0.9777777777777777,0.7115384615384616,Ligue 1
3901221,Rennes,Guingamp,Home,0.5283018867924528,1.0975609756097562,Ligue 1
3901221,Guingamp,Rennes,Away,0.5,0.625,Ligue 1
3901220,Bastia,Saint-Étienne,Home,1.0784313725490196,1.0784313725490196,Ligue 1
3901220,Saint-Étienne,Bastia,Away,1.0,0.9473684210526315,Ligue 1
3901219,Lorient,Toulouse,Home,0.7333333333333333,0.5384615384615384,Ligue 1
3901219,Toulouse,Lorient,Away,1.8867924528301887,1.1724137931034482,Ligue 1
3901218,Bordeaux,Angers,Home,1.0,1.1627906976744187,Ligue 1
3901218,Angers,Bordeaux,Away,0.5510204081632653,0.34545454545454546,Ligue 1
3901217,Troyes,Stade de Reims,Home,0.5777777777777777,0.7843137254901961,Ligue 1
3901217,Stade de Reims,Troyes,Away,1.288888888888889,0.8333333333333334,Ligue 1
3901216,Paris Saint-Germain,Stade Malherbe Caen,Home,,,Ligue 1
3901216,Stade Malherbe Caen,Paris Saint-Germain,Away,0.0,0.0,Ligue 1
3901215,Gazélec Ajaccio,Lille,Home,1.2040816326530612,1.2745098039215685,Ligue 1
3901215,Lille,Gazélec Ajaccio,Away,0.918918918918919,0.56,Ligue 1
3901214,Lyon,OGC Nice,Home,1.9230769230769231,1.4722222222222223,Ligue 1
3901214,OGC Nice,Lyon,Away,0.45098039215686275,0.5283018867924528,Ligue 1
3901213,OGC Nice,Rennes,Home,1.3513513513513513,0.4,Ligue 1
3901213,Rennes,OGC Nice,Away,0.8888888888888888,0.9772727272727273,Ligue 1
3901212,Lille,AS Monaco,Home,0.7291666666666666,0.8076923076923077,Ligue 1
3901212,AS Monaco,Lille,Away,0.75,0.9787234042553191,Ligue 1
3901211,Olympique de Marseille,Bordeaux,Home,0.9523809523809523,1.0217391304347827,Ligue 1
3901211,Bordeaux,Olympique de Marseille,Away,0.7333333333333333,1.0,Ligue 1
3901210,Saint-Étienne,Troyes,Home,1.18,1.2075471698113207,Ligue 1
3901210,Troyes,Saint-Étienne,Away,0.7321428571428571,0.9056603773584906,Ligue 1
3901209,Angers,Gazélec Ajaccio,Home,0.98,1.1875,Ligue 1
3901209,Gazélec Ajaccio,Angers,Away,0.7647058823529411,0.696969696969697,Ligue 1
3901208,Guingamp,Paris Saint-Germain,Home,0.88,1.7083333333333333,Ligue 1
3901208,Paris Saint-Germain,Guingamp,Away,1.3333333333333333,0.6041666666666666,Ligue 1
3901207,Stade de Reims,Nantes,Home,1.0465116279069768,0.7931034482758621,Ligue 1
3901207,Nantes,Stade de Reims,Away,0.74,0.7592592592592593,Ligue 1
3901206,Toulouse,Bastia,Home,1.3125,1.3541666666666667,Ligue 1
3901206,Bastia,Toulouse,Away,0.3620689655172414,0.4782608695652174,Ligue 1
3901205,Stade Malherbe Caen,Lorient,Home,1.6071428571428572,1.2352941176470589,Ligue 1
3901205,Lorient,Stade Malherbe Caen,Away,0.40625,1.0,Ligue 1
3901204,Montpellier,Lyon,Home,1.3617021276595744,1.2033898305084745,Ligue 1
3901204,Lyon,Montpellier,Away,1.1481481481481481,0.6666666666666666,Ligue 1
3901203,Nantes,Lille,Home,1.38,0.9772727272727273,Ligue 1
3901203,Lille,Nantes,Away,0.5818181818181818,0.5925925925925926,Ligue 1
3901202,Lorient,Lyon,Home,0.6607142857142857,1.2857142857142858,Ligue 1
3901202,Lyon,Lorient,Away,1.1071428571428572,0.4915254237288136,Ligue 1
3901201,Bastia,Olympique de Marseille,Home,,,Ligue 1
3901201,Olympique de Marseille,Bastia,Away,0.0,0.0,Ligue 1
3901200,Toulouse,Stade Malherbe Caen,Home,,,Ligue 1
3901200,Stade Malherbe Caen,Toulouse,Away,0.0,0.0,Ligue 1
3901198,Troyes,Angers,Home,0.9298245614035088,0.9491525423728814,Ligue 1
3901198,Angers,Troyes,Away,1.0344827586206897,0.8421052631578947,Ligue 1
3901197,Guingamp,Montpellier,Home,0.425531914893617,0.7708333333333334,Ligue 1
3901197,Montpellier,Guingamp,Away,0.75,0.7719298245614035,Ligue 1
3901196,Paris Saint-Germain,OGC Nice,Home,1.2564102564102564,1.1458333333333333,Ligue 1
3901196,OGC Nice,Paris Saint-Germain,Away,0.9767441860465116,1.0,Ligue 1
3901195,Gazélec Ajaccio,Saint-Étienne,Home,1.0192307692307692,1.0727272727272728,Ligue 1
3901195,Saint-Étienne,Gazélec Ajaccio,Away,0.6101694915254238,0.8148148148148148,Ligue 1
3901194,AS Monaco,Bordeaux,Home,0.9642857142857143,1.1568627450980393,Ligue 1
3901194,Bordeaux,AS Monaco,Away,1.0,0.7910447761194029,Ligue 1
3901193,Paris Saint-Germain,AS Monaco,Home,0.9743589743589743,1.05,Ligue 1
3901193,AS Monaco,Paris Saint-Germain,Away,1.0208333333333333,1.0208333333333333,Ligue 1
3901192,Bordeaux,Bastia,Home,0.6739130434782609,0.4528301886792453,Ligue 1
3901192,Bastia,Bordeaux,Away,0.9574468085106383,0.7307692307692307,Ligue 1
3901191,OGC Nice,Gazélec Ajaccio,Home,0.6590909090909091,0.6739130434782609,Ligue 1
3901191,Gazélec Ajaccio,OGC Nice,Away,0.9772727272727273,1.54,Ligue 1
3901189,Lille,Toulouse,Home,0.7659574468085106,0.5483870967741935,Ligue 1
3901189,Toulouse,Lille,Away,1.1132075471698113,1.2545454545454546,Ligue 1
3901187,Angers,Lorient,Home,0.8163265306122449,1.0425531914893618,Ligue 1
3901187,Lorient,Angers,Away,0.6785714285714286,0.42857142857142855,Ligue 1
3901186,Lyon,Nantes,Home,0.9024390243902439,0.8333333333333334,Ligue 1
3901186,Nantes,Lyon,Away,0.7735849056603774,0.5862068965517241,Ligue 1
3901185,Stade de Reims,Guingamp,Home,1.5116279069767442,1.35,Ligue 1
3901185,Guingamp,Stade de Reims,Away,0.45614035087719296,0.3684210526315789,Ligue 1
3901183,Troyes,Paris Saint-Germain,Home,0.9090909090909091,1.027027027027027,Ligue 1
3901183,Paris Saint-Germain,Troyes,Away,0.9523809523809523,1.1111111111111112,Ligue 1
3901181,Rennes,Lyon,Home,0.7346938775510204,0.94,Ligue 1
3901181,Lyon,Rennes,Away,0.9545454545454546,1.0444444444444445,Ligue 1
3901180,Guingamp,Saint-Étienne,Home,0.49019607843137253,0.49019607843137253,Ligue 1
3901180,Saint-Étienne,Guingamp,Away,0.9803921568627451,0.9411764705882353,Ligue 1
3901179,Gazélec Ajaccio,Stade Malherbe Caen,Home,,,Ligue 1
3901179,Stade Malherbe Caen,Gazélec Ajaccio,Away,0.0,0.0,Ligue 1
3901177,Bastia,Lille,Home,0.5087719298245614,1.1272727272727272,Ligue 1
3901177,Lille,Bastia,Away,0.9795918367346939,1.14,Ligue 1
3901176,Toulouse,Bordeaux,Home,0.9387755102040817,0.7659574468085106,Ligue 1
3901176,Bordeaux,Toulouse,Away,1.0217391304347827,0.46,Ligue 1
3901175,Montpellier,OGC Nice,Home,2.1020408163265305,1.736842105263158,Ligue 1
3901175,OGC Nice,Montpellier,Away,0.82,0.5636363636363636,Ligue 1
3901174,AS Monaco,Stade de Reims,Home,1.2881355932203389,1.0377358490566038,Ligue 1
3901174,Stade de Reims,AS Monaco,Away,0.5849056603773585,0.9361702127659575,Ligue 1
3901173,Gazélec Ajaccio,Olympique de Marseille,Home,,,Ligue 1
3901173,Olympique de Marseille,Gazélec Ajaccio,Away,0.0,0.0,Ligue 1
3901172,Bastia,Nantes,Home,1.169811320754717,1.0444444444444445,Ligue 1
3901172,Nantes,Bastia,Away,1.2448979591836735,1.196078431372549,Ligue 1
3901171,Lyon,Guingamp,Home,1.069767441860465,1.288888888888889,Ligue 1
3901171,Guingamp,Lyon,Away,0.6458333333333334,1.0,Ligue 1
3901167,Bastia,Lorient,Home,1.288888888888889,1.037037037037037,Ligue 1
3901167,Lorient,Bastia,Away,1.1956521739130435,0.7222222222222222,Ligue 1
3901165,Bordeaux,Gazélec Ajaccio,Home,1.0769230769230769,0.7142857142857143,Ligue 1
3901165,Gazélec Ajaccio,Bordeaux,Away,1.36,1.2962962962962963,Ligue 1
3901164,Angers,Saint-Étienne,Home,1.0816326530612246,1.0,Ligue 1
3901164,Saint-Étienne,Angers,Away,1.3061224489795917,1.2391304347826086,Ligue 1
3901163,OGC Nice,Troyes,Home,0.8604651162790697,0.6875,Ligue 1
3901163,Troyes,OGC Nice,Away,0.8958333333333334,0.6724137931034483,Ligue 1
3901161,Saint-Étienne,Stade Malherbe Caen,Home,0.6842105263157895,1.169811320754717,Ligue 1
3901161,Stade Malherbe Caen,Saint-Étienne,Away,0.41818181818181815,0.3220338983050847,Ligue 1
3901160,Nantes,AS Monaco,Home,1.0851063829787233,1.1666666666666667,Ligue 1
3901160,AS Monaco,Nantes,Away,0.4807692307692308,0.4642857142857143,Ligue 1
3901159,Lyon,Paris Saint-Germain,Home,1.4791666666666667,1.1333333333333333,Ligue 1
3901159,Paris Saint-Germain,Lyon,Away,0.225,0.46938775510204084,Ligue 1
3901158,Toulouse,Rennes,Home,0.9666666666666667,0.9322033898305084,Ligue 1
3901158,Rennes,Toulouse,Away,0.9433962264150944,0.9661016949152542,Ligue 1
3901157,Stade de Reims,Bordeaux,Home,0.7619047619047619,0.8076923076923077,Ligue 1
3901157,Bordeaux,Stade de Reims,Away,0.8181818181818182,1.1702127659574468,Ligue 1
3901156,Guingamp,Angers,Home,0.6511627906976745,0.75,Ligue 1
3901156,Angers,Guingamp,Away,0.8333333333333334,0.3541666666666667,Ligue 1
3901155,Montpellier,Lille,Home,1.1041666666666667,0.7804878048780488,Ligue 1
3901155,Lille,Montpellier,Away,0.6440677966101694,0.7560975609756098,Ligue 1
3901154,Troyes,Lorient,Home,1.0588235294117647,0.6170212765957447,Ligue 1
3901154,Lorient,Troyes,Away,0.5862068965517241,1.0425531914893618,Ligue 1
3901153,OGC Nice,Bastia,Home,0.8888888888888888,0.9545454545454546,Ligue 1
3901153,Bastia,OGC Nice,Away,1.0188679245283019,0.5531914893617021,Ligue 1
3901151,Lille,Lyon,Home,1.06,0.9152542372881356,Ligue 1
3901151,Lyon,Lille,Away,0.8823529411764706,1.1666666666666667,Ligue 1
3901149,AS Monaco,Troyes,Home,1.3962264150943395,1.3111111111111111,Ligue 1
3901149,Troyes,AS Monaco,Away,0.7692307692307693,0.7547169811320755,Ligue 1
3901148,Lorient,Guingamp,Home,0.9574468085106383,0.6382978723404256,Ligue 1
3901148,Guingamp,Lorient,Away,0.37037037037037035,0.6086956521739131,Ligue 1
3901147,Toulouse,Gazélec Ajaccio,Home,0.9,0.5471698113207547,Ligue 1
3901147,Gazélec Ajaccio,Toulouse,Away,0.6964285714285714,0.8727272727272727,Ligue 1
3901146,Paris Saint-Germain,Stade de Reims,Home,0.64,0.9347826086956522,Ligue 1
3901146,Stade de Reims,Paris Saint-Germain,Away,2.3488372093023258,1.4528301886792452,Ligue 1
3901145,Angers,Montpellier,Home,0.94,1.0535714285714286,Ligue 1
3901145,Montpellier,Angers,Away,1.4318181818181819,1.0,Ligue 1
3901144,Bordeaux,OGC Nice,Home,0.9607843137254902,1.3783783783783783,Ligue 1
3901144,OGC Nice,Bordeaux,Away,1.1454545454545455,0.6976744186046512,Ligue 1
3900602,Lorient,Stade de Reims,Home,0.6956521739130435,0.7678571428571429,Ligue 1
3900602,Stade de Reims,Lorient,Away,0.9607843137254902,0.8461538461538461,Ligue 1
3829518,Lille,Olympique de Marseille,Home,,,Ligue 1
3829518,Olympique de Marseille,Lille,Away,0.0,0.0,Ligue 1
3829479,Lorient,Stade Malherbe Caen,Home,,,Ligue 1
3829479,Stade Malherbe Caen,Lorient,Away,0.0,0.0,Ligue 1
3829478,Gazélec Ajaccio,Rennes,Home,0.8,0.5714285714285714,Ligue 1
3829478,Rennes,Gazélec Ajaccio,Away,0.7857142857142857,0.4915254237288136,Ligue 1
3829519,Paris Saint-Germain,Saint-Étienne,Home,0.4883720930232558,0.8333333333333334,Ligue 1
3829519,Saint-Étienne,Paris Saint-Germain,Away,1.7755102040816326,1.5490196078431373,Ligue 1
3829416,OGC Nice,AS Monaco,Home,0.64,0.4375,Ligue 1
3829416,AS Monaco,OGC Nice,Away,1.1458333333333333,1.5,Ligue 1
3829459,OGC Nice,Guingamp,Home,1.0,1.441860465116279,Ligue 1
3829459,Guingamp,OGC Nice,Away,0.8,1.0,Ligue 1
3900636,Nantes,Lorient,Home,0.9555555555555556,0.7272727272727273,Ligue 1
3900636,Lorient,Nantes,Away,0.6666666666666666,1.2745098039215685,Ligue 1
3900633,Gazélec Ajaccio,Troyes,Home,0.9107142857142857,1.6,Ligue 1
3900633,Troyes,Gazélec Ajaccio,Away,0.4107142857142857,0.631578947368421,Ligue 1
3900628,Lille,Rennes,Home,1.0,1.0869565217391304,Ligue 1
3900628,Rennes,Lille,Away,0.6046511627906976,0.8695652173913043,Ligue 1
3900627,Bordeaux,Saint-Étienne,Home,0.5102040816326531,0.6041666666666666,Ligue 1
3900627,Saint-Étienne,Bordeaux,Away,0.6792452830188679,0.3111111111111111,Ligue 1
3900625,AS Monaco,OGC Nice,Home,1.1041666666666667,0.66,Ligue 1
3900625,OGC Nice,AS Monaco,Away,0.9272727272727272,0.7352941176470589,Ligue 1
3900624,Angers,Lyon,Home,0.8780487804878049,1.3333333333333333,Ligue 1
3900624,Lyon,Angers,Away,1.5333333333333334,0.9487179487179487,Ligue 1
3900616,Lyon,Bordeaux,Home,0.7755102040816326,0.7674418604651163,Ligue 1
3900616,Bordeaux,Lyon,Away,0.6666666666666666,0.8979591836734694,Ligue 1
3900617,Stade de Reims,Angers,Home,0.7906976744186046,0.7727272727272727,Ligue 1
3900617,Angers,Stade de Reims,Away,0.6521739130434783,0.49019607843137253,Ligue 1
3900609,Bordeaux,Rennes,Home,1.2682926829268293,0.9423076923076923,Ligue 1
3900609,Rennes,Bordeaux,Away,0.7307692307692307,0.7105263157894737,Ligue 1
3900604,Angers,AS Monaco,Home,0.7560975609756098,0.8461538461538461,Ligue 1
3900604,AS Monaco,Angers,Away,0.7391304347826086,1.3617021276595744,Ligue 1
3900605,Bastia,Lyon,Home,1.0408163265306123,0.7924528301886793,Ligue 1
3900605,Lyon,Bastia,Away,1.108695652173913,1.3,Ligue 1
3900603,Toulouse,Guingamp,Home,1.0350877192982457,1.170731707317073,Ligue 1
3900603,Guingamp,Toulouse,Away,0.5172413793103449,0.5625,Ligue 1
3900606,Troyes,Nantes,Home,0.9761904761904762,0.9423076923076923,Ligue 1
3900606,Nantes,Troyes,Away,0.94,1.0,Ligue 1
3900600,Olympique de Marseille,Lille,Home,1.127659574468085,0.7441860465116279,Ligue 1
3900600,Lille,Olympique de Marseille,Away,1.1403508771929824,0.9056603773584906,Ligue 1
3900598,AS Monaco,Toulouse,Home,1.0784313725490196,0.8596491228070176,Ligue 1
3900598,Toulouse,AS Monaco,Away,0.9038461538461539,0.6111111111111112,Ligue 1
3900597,Lyon,Olympique de Marseille,Home,1.6666666666666667,1.5681818181818181,Ligue 1
3900597,Olympique de Marseille,Lyon,Away,0.8727272727272727,0.7368421052631579,Ligue 1
3900599,Stade de Reims,Saint-Étienne,Home,0.8076923076923077,0.8409090909090909,Ligue 1
3900599,Saint-Étienne,Stade de Reims,Away,1.1355932203389831,0.8363636363636363,Ligue 1
3900592,Montpellier,Stade Malherbe Caen,Home,0.6829268292682927,1.2222222222222223,Ligue 1
3900592,Stade Malherbe Caen,Montpellier,Away,0.94,0.5538461538461539,Ligue 1
3900595,OGC Nice,Lorient,Home,1.1875,0.8478260869565217,Ligue 1
3900595,Lorient,OGC Nice,Away,0.7592592592592593,1.2222222222222223,Ligue 1
3900593,Lille,Troyes,Home,1.5192307692307692,0.8653846153846154,Ligue 1
3900593,Troyes,Lille,Away,0.8771929824561403,0.2727272727272727,Ligue 1
3900590,Rennes,Gazélec Ajaccio,Home,1.0465116279069768,0.7058823529411765,Ligue 1
3900590,Gazélec Ajaccio,Rennes,Away,0.62,1.0175438596491229,Ligue 1
3900588,Lorient,AS Monaco,Home,0.6909090909090909,0.75,Ligue 1
3900588,AS Monaco,Lorient,Away,0.6607142857142857,1.2830188679245282,Ligue 1
3900586,Guingamp,Nantes,Home,1.0638297872340425,0.7358490566037735,Ligue 1
3900586,Nantes,Guingamp,Away,0.9245283018867925,0.7962962962962963,Ligue 1
3900584,Bastia,Montpellier,Home,0.9016393442622951,0.8305084745762712,Ligue 1
3900584,Montpellier,Bastia,Away,0.5098039215686274,0.5625,Ligue 1
3900582,Gazélec Ajaccio,Stade de Reims,Home,1.469387755102041,0.5833333333333334,Ligue 1
3900582,Stade de Reims,Gazélec Ajaccio,Away,1.26,0.62,Ligue 1
3900583,Troyes,Rennes,Home,1.489795918367347,2.148936170212766,Ligue 1
3900583,Rennes,Troyes,Away,0.5106382978723404,0.43137254901960786,Ligue 1
3900585,Toulouse,Paris Saint-Germain,Home,0.6590909090909091,0.76,Ligue 1
3900585,Paris Saint-Germain,Toulouse,Away,0.925,0.6666666666666666,Ligue 1
3900570,Paris Saint-Germain,Bastia,Home,1.1555555555555554,1.1388888888888888,Ligue 1
3900570,Bastia,Paris Saint-Germain,Away,0.5106382978723404,0.5740740740740741,Ligue 1
3900567,Bordeaux,Olympique de Marseille,Home,1.0566037735849056,1.1724137931034482,Ligue 1
3900567,Olympique de Marseille,Bordeaux,Away,0.7058823529411765,0.9615384615384616,Ligue 1
3900568,Gazélec Ajaccio,Lyon,Home,0.847457627118644,0.90625,Ligue 1
3900568,Lyon,Gazélec Ajaccio,Away,1.1428571428571428,1.490566037735849,Ligue 1
3900549,Saint-Étienne,Rennes,Home,1.558139534883721,1.1458333333333333,Ligue 1
3900549,Rennes,Saint-Étienne,Away,0.6078431372549019,0.6666666666666666,Ligue 1
3900548,Bordeaux,Guingamp,Home,0.9111111111111111,0.7346938775510204,Ligue 1
3900548,Guingamp,Bordeaux,Away,0.6862745098039216,1.0625,Ligue 1
3900547,Olympique de Marseille,Montpellier,Home,0.9069767441860465,0.6595744680851063,Ligue 1
3900547,Montpellier,Olympique de Marseille,Away,0.6097560975609756,0.6875,Ligue 1
3900545,Lyon,Angers,Home,1.0227272727272727,1.2692307692307692,Ligue 1
3900545,Angers,Lyon,Away,0.6666666666666666,0.5,Ligue 1
3900546,Gazélec Ajaccio,Nantes,Home,1.3846153846153846,0.9285714285714286,Ligue 1
3900546,Nantes,Gazélec Ajaccio,Away,0.7407407407407407,0.3387096774193548,Ligue 1
3900544,Toulouse,Lorient,Home,1.62,1.2549019607843137,Ligue 1
3900544,Lorient,Toulouse,Away,0.6491228070175439,0.6909090909090909,Ligue 1
3900540,OGC Nice,Paris Saint-Germain,Home,0.8636363636363636,0.8717948717948718,Ligue 1
3900540,Paris Saint-Germain,OGC Nice,Away,1.0434782608695652,1.6170212765957446,Ligue 1
3900539,Rennes,Olympique de Marseille,Home,1.2222222222222223,1.0612244897959184,Ligue 1
3900539,Olympique de Marseille,Rennes,Away,1.391304347826087,0.9482758620689655,Ligue 1
3900538,Guingamp,Stade de Reims,Home,0.9423076923076923,1.2352941176470589,Ligue 1
3900538,Stade de Reims,Guingamp,Away,0.6140350877192983,0.5178571428571429,Ligue 1
3900537,Troyes,Toulouse,Home,0.6326530612244898,0.5777777777777777,Ligue 1
3900537,Toulouse,Troyes,Away,1.0,0.6545454545454545,Ligue 1
3900536,Montpellier,Gazélec Ajaccio,Home,0.82,1.0263157894736843,Ligue 1
3900536,Gazélec Ajaccio,Montpellier,Away,0.8245614035087719,0.18333333333333332,Ligue 1
3900534,Bastia,Bordeaux,Home,0.6415094339622641,0.8727272727272727,Ligue 1
3900534,Bordeaux,Bastia,Away,0.717391304347826,0.8947368421052632,Ligue 1
3900535,Lille,Saint-Étienne,Home,0.625,0.72,Ligue 1
3900535,Saint-Étienne,Lille,Away,0.6226415094339622,0.7192982456140351,Ligue 1
3900530,Nantes,Lyon,Home,0.8653846153846154,0.8235294117647058,Ligue 1
3900530,Lyon,Nantes,Away,0.7727272727272727,0.8695652173913043,Ligue 1
3900532,Angers,Paris Saint-Germain,Home,0.825,0.6382978723404256,Ligue 1
3900532,Paris Saint-Germain,Angers,Away,1.4615384615384615,0.6333333333333333,Ligue 1
3900531,Lorient,OGC Nice,Home,1.8936170212765957,1.1702127659574468,Ligue 1
3900531,OGC Nice,Lorient,Away,0.6078431372549019,0.8813559322033898,Ligue 1
3900529,Saint-Étienne,Guingamp,Home,0.6610169491525424,0.6491228070175439,Ligue 1
3900529,Guingamp,Saint-Étienne,Away,0.82,0.7962962962962963,Ligue 1
3900522,Toulouse,OGC Nice,Home,1.015625,1.2692307692307692,Ligue 1
3900522,OGC Nice,Toulouse,Away,0.92,1.1666666666666667,Ligue 1
3900523,Stade de Reims,Rennes,Home,1.5217391304347827,1.297872340425532,Ligue 1
3900523,Rennes,Stade de Reims,Away,0.8421052631578947,0.8837209302325582,Ligue 1
3900521,Paris Saint-Germain,Troyes,Home,1.1372549019607843,1.2380952380952381,Ligue 1
3900521,Troyes,Paris Saint-Germain,Away,0.9464285714285714,1.02,Ligue 1
3900518,Stade Malherbe Caen,Angers,Home,1.0,0.40816326530612246,Ligue 1
3900518,Angers,Stade Malherbe Caen,Away,0.918918918918919,1.425,Ligue 1
3900519,Rennes,Bordeaux,Home,0.7083333333333334,1.0416666666666667,Ligue 1
3900519,Bordeaux,Rennes,Away,1.02,0.64,Ligue 1
3900511,Lorient,Paris Saint-Germain,Home,0.9583333333333334,1.1111111111111112,Ligue 1
3900511,Paris Saint-Germain,Lorient,Away,0.8823529411764706,0.9821428571428571,Ligue 1
3900514,Guingamp,Toulouse,Home,1.1891891891891893,1.0192307692307692,Ligue 1
3900514,Toulouse,Guingamp,Away,0.717391304347826,0.7368421052631579,Ligue 1
3900515,AS Monaco,Nantes,Home,0.9148936170212766,0.8431372549019608,Ligue 1
3900515,Nantes,AS Monaco,Away,0.9818181818181818,0.7916666666666666,Ligue 1
3829512,Lyon,Toulouse,Home,1.08,0.8367346938775511,Ligue 1
3829512,Toulouse,Lyon,Away,0.6122448979591837,1.0,Ligue 1
3829495,Lyon,Stade de Reims,Home,1.0,1.471698113207547,Ligue 1
3829495,Stade de Reims,Lyon,Away,0.5,0.9782608695652174,Ligue 1
3900491,Saint-Étienne,Stade de Reims,Home,0.803921568627451,0.6226415094339622,Ligue 1
3900491,Stade de Reims,Saint-Étienne,Away,0.4375,0.6153846153846154,Ligue 1
3900504,Montpellier,Nantes,Home,0.5686274509803921,0.7954545454545454,Ligue 1
3900504,Nantes,Montpellier,Away,0.6666666666666666,0.8867924528301887,Ligue 1
3900506,Stade de Reims,Gazélec Ajaccio,Home,0.5652173913043478,0.975,Ligue 1
3900506,Gazélec Ajaccio,Stade de Reims,Away,0.7272727272727273,0.42105263157894735,Ligue 1
3900505,Stade Malherbe Caen,Guingamp,Home,0.7413793103448276,0.6521739130434783,Ligue 1
3900505,Guingamp,Stade Malherbe Caen,Away,1.0188679245283019,0.7058823529411765,Ligue 1
3829496,Angers,Bastia,Home,1.3170731707317074,1.1,Ligue 1
3829496,Bastia,Angers,Away,0.7833333333333333,0.6274509803921569,Ligue 1
3829514,Angers,Guingamp,Home,0.54,1.1818181818181819,Ligue 1
3829514,Guingamp,Angers,Away,0.38636363636363635,0.7346938775510204,Ligue 1
3829469,AS Monaco,Lorient,Home,1.173913043478261,0.9777777777777777,Ligue 1
3829469,Lorient,AS Monaco,Away,0.5833333333333334,0.6111111111111112,Ligue 1
3829454,Lyon,Lille,Home,0.8870967741935484,1.1063829787234043,Ligue 1
3829454,Lille,Lyon,Away,0.6792452830188679,0.6545454545454545,Ligue 1
3829439,Toulouse,AS Monaco,Home,0.5614035087719298,0.42,Ligue 1
3829439,AS Monaco,Toulouse,Away,0.8679245283018868,0.8604651162790697,Ligue 1
3829513,Stade Malherbe Caen,Nantes,Home,0.7777777777777778,1.0769230769230769,Ligue 1
3829513,Nantes,Stade Malherbe Caen,Away,0.803921568627451,0.8771929824561403,Ligue 1
3829510,Rennes,OGC Nice,Home,1.4782608695652173,1.1304347826086956,Ligue 1
3829510,OGC Nice,Rennes,Away,0.82,0.9069767441860465,Ligue 1
3829445,Angers,OGC Nice,Home,0.825,0.6122448979591837,Ligue 1
3829445,OGC Nice,Angers,Away,0.4489795918367347,0.53125,Ligue 1
3829433,Montpellier,Paris Saint-Germain,Home,1.2941176470588236,1.4230769230769231,Ligue 1
3829433,Paris Saint-Germain,Montpellier,Away,0.55,0.5714285714285714,Ligue 1
3829466,Angers,Troyes,Home,0.9444444444444444,0.8372093023255814,Ligue 1
3829466,Troyes,Angers,Away,0.9038461538461539,0.6530612244897959,Ligue 1
3900639,Saint-Étienne,AS Monaco,Home,0.7916666666666666,0.6415094339622641,Ligue 1
3900639,AS Monaco,Saint-Étienne,Away,0.5416666666666666,0.6379310344827587,Ligue 1
3900638,Lyon,Stade Malherbe Caen,Home,0.7272727272727273,0.9649122807017544,Ligue 1
3900638,Stade Malherbe Caen,Lyon,Away,0.7021276595744681,0.6111111111111112,Ligue 1
3900637,OGC Nice,Olympique de Marseille,Home,,,Ligue 1
3900637,Olympique de Marseille,OGC Nice,Away,0.0,0.0,Ligue 1
3900635,Stade de Reims,Bastia,Home,0.9583333333333334,1.0338983050847457,Ligue 1
3900635,Bastia,Stade de Reims,Away,0.6222222222222222,0.6296296296296297,Ligue 1
3900634,Paris Saint-Germain,Lille,Home,1.4901960784313726,0.9591836734693877,Ligue 1
3900634,Lille,Paris Saint-Germain,Away,1.3478260869565217,1.3555555555555556,Ligue 1
3900632,Guingamp,Bordeaux,Home,0.6458333333333334,0.9607843137254902,Ligue 1
3900632,Bordeaux,Guingamp,Away,0.7857142857142857,0.5454545454545454,Ligue 1
3900631,Montpellier,Toulouse,Home,0.9821428571428571,1.0,Ligue 1
3900631,Toulouse,Montpellier,Away,0.9473684210526315,0.8823529411764706,Ligue 1
3900630,Rennes,Angers,Home,1.6829268292682926,1.0,Ligue 1
3900630,Angers,Rennes,Away,0.39655172413793105,0.6538461538461539,Ligue 1
3900626,Gazélec Ajaccio,Guingamp,Home,1.275,1.4285714285714286,Ligue 1
3900626,Guingamp,Gazélec Ajaccio,Away,0.1836734693877551,0.28,Ligue 1
3900623,Lorient,Montpellier,Home,0.7959183673469388,0.8727272727272727,Ligue 1
3900623,Montpellier,Lorient,Away,0.8852459016393442,1.3278688524590163,Ligue 1
3900622,Bastia,Troyes,Home,1.1,0.6304347826086957,Ligue 1
3900622,Troyes,Bastia,Away,0.6842105263157895,1.0232558139534884,Ligue 1
3900621,Toulouse,Nantes,Home,1.1162790697674418,0.7708333333333334,Ligue 1
3900621,Nantes,Toulouse,Away,1.4375,1.263157894736842,Ligue 1
3900620,Stade Malherbe Caen,Stade de Reims,Home,1.1636363636363636,1.3846153846153846,Ligue 1
3900620,Stade de Reims,Stade Malherbe Caen,Away,0.603448275862069,0.7115384615384616,Ligue 1
3900619,Rennes,Saint-Étienne,Home,0.6296296296296297,0.9803921568627451,Ligue 1
3900619,Saint-Étienne,Rennes,Away,1.16,0.9,Ligue 1
3900618,Paris Saint-Germain,Lorient,Home,1.7647058823529411,0.7142857142857143,Ligue 1
3900618,Lorient,Paris Saint-Germain,Away,0.84,0.8571428571428571,Ligue 1
3900615,Nantes,Gazélec Ajaccio,Home,0.6122448979591837,1.0,Ligue 1
3900615,Gazélec Ajaccio,Nantes,Away,0.9818181818181818,0.5283018867924528,Ligue 1
3900614,Lille,Stade Malherbe Caen,Home,0.9814814814814815,0.5,Ligue 1
3900614,Stade Malherbe Caen,Lille,Away,0.6808510638297872,0.7413793103448276,Ligue 1
3900613,OGC Nice,Toulouse,Home,0.8333333333333334,1.6222222222222222,Ligue 1
3900613,Toulouse,OGC Nice,Away,1.069767441860465,0.7924528301886793,Ligue 1
3900612,Guingamp,Troyes,Home,0.2765957446808511,0.5306122448979592,Ligue 1
3900612,Troyes,Guingamp,Away,0.6666666666666666,1.4893617021276595,Ligue 1
3900611,AS Monaco,Bastia,Home,1.2173913043478262,1.0377358490566038,Ligue 1
3900611,Bastia,AS Monaco,Away,0.6981132075471698,0.7954545454545454,Ligue 1
3900610,Montpellier,Olympique de Marseille,Home,0.98,0.9107142857142857,Ligue 1
3900610,Olympique de Marseille,Montpellier,Away,1.0,0.8269230769230769,Ligue 1
3900581,Bordeaux,Lille,Home,1.0612244897959184,0.98,Ligue 1
3900581,Lille,Bordeaux,Away,0.8823529411764706,0.7962962962962963,Ligue 1
3900580,OGC Nice,Angers,Home,0.6875,0.84,Ligue 1
3900580,Angers,OGC Nice,Away,0.98,0.7692307692307693,Ligue 1
3900579,Nantes,Saint-Étienne,Home,0.7090909090909091,0.6964285714285714,Ligue 1
3900579,Saint-Étienne,Nantes,Away,0.5471698113207547,0.6296296296296297,Ligue 1
3900578,Lille,OGC Nice,Home,1.46,1.52,Ligue 1
3900578,OGC Nice,Lille,Away,0.9166666666666666,1.0612244897959184,Ligue 1
3900576,Montpellier,Bordeaux,Home,1.3584905660377358,1.34,Ligue 1
3900576,Bordeaux,Montpellier,Away,1.0526315789473684,0.7457627118644068,Ligue 1
3900575,Stade de Reims,Toulouse,Home,0.8947368421052632,0.9310344827586207,Ligue 1
3900575,Toulouse,Stade de Reims,Away,0.9508196721311475,1.1636363636363636,Ligue 1
3900574,Lyon,Troyes,Home,1.3695652173913044,0.7906976744186046,Ligue 1
3900574,Troyes,Lyon,Away,0.7692307692307693,1.2037037037037037,Ligue 1
3900573,Angers,Stade Malherbe Caen,Home,0.8333333333333334,0.39285714285714285,Ligue 1
3900573,Stade Malherbe Caen,Angers,Away,0.56,0.8076923076923077,Ligue 1
3900572,AS Monaco,Gazélec Ajaccio,Home,1.5490196078431373,1.4444444444444444,Ligue 1
3900572,Gazélec Ajaccio,AS Monaco,Away,0.8461538461538461,0.5245901639344263,Ligue 1
3900571,Rennes,Lorient,Home,0.92,1.0416666666666667,Ligue 1
3900571,Lorient,Rennes,Away,0.6153846153846154,1.1730769230769231,Ligue 1
3900569,Saint-Étienne,Angers,Home,1.0,0.8444444444444444,Ligue 1
3900569,Angers,Saint-Étienne,Away,0.84,1.1428571428571428,Ligue 1
3900566,Bastia,Stade de Reims,Home,0.7777777777777778,0.8627450980392157,Ligue 1
3900566,Stade de Reims,Bastia,Away,0.9433962264150944,0.625,Ligue 1
3900565,Lorient,Nantes,Home,0.8260869565217391,0.5909090909090909,Ligue 1
3900565,Nantes,Lorient,Away,0.8275862068965517,0.6122448979591837,Ligue 1
3900564,Troyes,AS Monaco,Home,0.390625,0.5957446808510638,Ligue 1
3900564,AS Monaco,Troyes,Away,1.0,0.7647058823529411,Ligue 1
3900563,Guingamp,Rennes,Home,1.1176470588235294,0.7608695652173914,Ligue 1
3900563,Rennes,Guingamp,Away,0.5106382978723404,0.49056603773584906,Ligue 1
3900561,Toulouse,Lille,Home,0.8727272727272727,0.46551724137931033,Ligue 1
3900561,Lille,Toulouse,Away,0.9622641509433962,1.2162162162162162,Ligue 1
3900560,OGC Nice,Montpellier,Home,1.511111111111111,0.8367346938775511,Ligue 1
3900560,Montpellier,OGC Nice,Away,1.2727272727272727,1.1224489795918366,Ligue 1
3900558,AS Monaco,Saint-Étienne,Home,0.9629629629629629,0.8653846153846154,Ligue 1
3900558,Saint-Étienne,AS Monaco,Away,0.6851851851851852,0.62,Ligue 1
3900557,Paris Saint-Germain,Lyon,Home,1.34,1.2244897959183674,Ligue 1
3900557,Lyon,Paris Saint-Germain,Away,1.0930232558139534,0.7659574468085106,Ligue 1
3900556,Angers,Bordeaux,Home,0.813953488372093,0.7049180327868853,Ligue 1
3900556,Bordeaux,Angers,Away,1.048780487804878,0.48936170212765956,Ligue 1
3900555,Nantes,Toulouse,Home,1.575,1.108695652173913,Ligue 1
3900555,Toulouse,Nantes,Away,1.148936170212766,0.7166666666666667,Ligue 1
3900554,Troyes,Bastia,Home,1.1777777777777778,1.1875,Ligue 1
3900554,Bastia,Troyes,Away,0.673469387755102,0.4426229508196721,Ligue 1
3900553,Stade de Reims,OGC Nice,Home,1.0425531914893618,1.2448979591836735,Ligue 1
3900553,OGC Nice,Stade de Reims,Away,0.8301886792452831,0.32142857142857145,Ligue 1
3900552,Montpellier,Guingamp,Home,1.0,1.56,Ligue 1
3900552,Guingamp,Montpellier,Away,1.04,0.4791666666666667,Ligue 1
3900551,Lille,Lorient,Home,1.2826086956521738,1.625,Ligue 1
3900551,Lorient,Lille,Away,0.8627450980392157,0.5106382978723404,Ligue 1
3900550,Rennes,Stade Malherbe Caen,Home,0.6410256410256411,1.1162790697674418,Ligue 1
3900550,Stade Malherbe Caen,Rennes,Away,0.56,0.4642857142857143,Ligue 1
3900543,Stade de Reims,Troyes,Home,1.0784313725490196,0.9767441860465116,Ligue 1
3900543,Troyes,Stade de Reims,Away,0.8421052631578947,0.5434782608695652,Ligue 1
3900542,Stade Malherbe Caen,Lille,Home,1.1568627450980393,1.0,Ligue 1
3900542,Lille,Stade Malherbe Caen,Away,0.49056603773584906,0.7307692307692307,Ligue 1
3900526,Angers,Lille,Home,0.75,1.1702127659574468,Ligue 1
3900526,Lille,Angers,Away,0.78,1.2432432432432432,Ligue 1
3900525,Nantes,Bastia,Home,0.8653846153846154,0.825,Ligue 1
3900525,Bastia,Nantes,Away,0.7209302325581395,0.4666666666666667,Ligue 1
3900524,Gazélec Ajaccio,Lorient,Home,1.1132075471698113,0.9482758620689655,Ligue 1
3900524,Lorient,Gazélec Ajaccio,Away,0.8936170212765957,0.8333333333333334,Ligue 1
3900520,Lyon,Montpellier,Home,1.0961538461538463,1.5777777777777777,Ligue 1
3900520,Montpellier,Lyon,Away,0.6610169491525424,1.12,Ligue 1
3900516,Saint-Étienne,Olympique de Marseille,Home,1.1,0.7551020408163265,Ligue 1
3900516,Olympique de Marseille,Saint-Étienne,Away,0.9782608695652174,1.02,Ligue 1
3900513,Troyes,Lille,Home,1.14,0.890625,Ligue 1
3900513,Lille,Troyes,Away,0.9322033898305084,1.4615384615384615,Ligue 1
3900512,Montpellier,Stade de Reims,Home,0.6739130434782609,1.2291666666666667,Ligue 1
3900512,Stade de Reims,Montpellier,Away,0.42105263157894735,1.0,Ligue 1
3900510,OGC Nice,Lyon,Home,0.6666666666666666,0.68,Ligue 1
3900510,Lyon,OGC Nice,Away,1.1176470588235294,0.9148936170212766,Ligue 1
3900509,Lyon,Saint-Étienne,Home,0.9782608695652174,0.8297872340425532,Ligue 1
3900509,Saint-Étienne,Lyon,Away,0.6470588235294118,0.65,Ligue 1
3900508,Bordeaux,AS Monaco,Home,1.0465116279069768,0.7868852459016393,Ligue 1
3900508,AS Monaco,Bordeaux,Away,0.8,0.6111111111111112,Ligue 1
3900503,Lille,Bastia,Home,1.05,0.6458333333333334,Ligue 1
3900503,Bastia,Lille,Away,0.3584905660377358,0.6727272727272727,Ligue 1
3900502,Lorient,Troyes,Home,1.186046511627907,0.35714285714285715,Ligue 1
3900502,Troyes,Lorient,Away,0.7368421052631579,0.8775510204081632,Ligue 1
3900501,Paris Saint-Germain,Toulouse,Home,1.525,1.875,Ligue 1
3900501,Toulouse,Paris Saint-Germain,Away,0.3541666666666667,0.5319148936170213,Ligue 1
3900500,Angers,Rennes,Home,1.3953488372093024,1.305084745762712,Ligue 1
3900500,Rennes,Angers,Away,0.6557377049180327,0.8135593220338984,Ligue 1
3900499,Nantes,Olympique de Marseille,Home,1.4230769230769231,1.103448275862069,Ligue 1
3900499,Olympique de Marseille,Nantes,Away,0.9454545454545454,0.7333333333333333,Ligue 1
3900498,AS Monaco,Angers,Home,1.1666666666666667,0.8541666666666666,Ligue 1
3900498,Angers,AS Monaco,Away,0.5294117647058824,1.0188679245283019,Ligue 1
3900497,OGC Nice,Lille,Home,1.1176470588235294,0.8545454545454545,Ligue 1
3900497,Lille,OGC Nice,Away,1.305084745762712,0.9555555555555556,Ligue 1
3900496,Toulouse,Montpellier,Home,1.2063492063492063,0.875,Ligue 1
3900496,Montpellier,Toulouse,Away,0.8245614035087719,1.3488372093023255,Ligue 1
3900495,Bastia,Stade Malherbe Caen,Home,0.5,0.9387755102040817,Ligue 1
3900495,Stade Malherbe Caen,Bastia,Away,0.7222222222222222,0.8703703703703703,Ligue 1
3900494,Gazélec Ajaccio,Bordeaux,Home,1.0,0.625,Ligue 1
3900494,Bordeaux,Gazélec Ajaccio,Away,0.9107142857142857,1.146341463414634,Ligue 1
3900493,Troyes,Lyon,Home,0.7796610169491526,0.8571428571428571,Ligue 1
3900493,Lyon,Troyes,Away,1.14,0.5882352941176471,Ligue 1
3900492,Guingamp,Lorient,Home,0.851063829787234,0.7073170731707317,Ligue 1
3900492,Lorient,Guingamp,Away,0.8113207547169812,0.6410256410256411,Ligue 1
3900490,Rennes,Paris Saint-Germain,Home,1.3076923076923077,1.0576923076923077,Ligue 1
3900490,Paris Saint-Germain,Rennes,Away,1.5,1.4,Ligue 1
3829438,OGC Nice,Stade Malherbe Caen,Home,,,Ligue 1
3829438,Stade Malherbe Caen,OGC Nice,Away,0.0,0.0,Ligue 1
3829413,Lille,Paris Saint-Germain,Home,1.0571428571428572,1.163265306122449,Ligue 1
3829413,Paris Saint-Germain,Lille,Away,0.4318181818181818,0.4375,Ligue 1
3829428,Stade Malherbe Caen,Toulouse,Home,0.7413793103448276,0.8636363636363636,Ligue 1
3829428,Toulouse,Stade Malherbe Caen,Away,0.9818181818181818,0.8846153846153846,Ligue 1
3829522,OGC Nice,Nantes,Home,0.6136363636363636,0.68,Ligue 1
3829522,Nantes,OGC Nice,Away,0.74,0.9,Ligue 1
3829521,Bordeaux,Troyes,Home,1.1041666666666667,0.8596491228070176,Ligue 1
3829521,Troyes,Bordeaux,Away,0.5737704918032787,0.7894736842105263,Ligue 1
3829520,Stade de Reims,AS Monaco,Home,0.58,0.7708333333333334,Ligue 1
3829520,AS Monaco,Stade de Reims,Away,0.813953488372093,0.8679245283018868,Ligue 1
3829517,Gazélec Ajaccio,OGC Nice,Home,0.7045454545454546,1.1875,Ligue 1
3829517,OGC Nice,Gazélec Ajaccio,Away,0.9459459459459459,0.9565217391304348,Ligue 1
3829516,Lorient,Rennes,Home,1.4807692307692308,0.9565217391304348,Ligue 1
3829516,Rennes,Lorient,Away,0.9111111111111111,1.1320754716981132,Ligue 1
3829515,Montpellier,Bastia,Home,1.0545454545454545,1.0408163265306123,Ligue 1
3829515,Bastia,Montpellier,Away,1.0,0.723404255319149,Ligue 1
3829511,Bordeaux,Montpellier,Home,0.92,0.851063829787234,Ligue 1
3829511,Montpellier,Bordeaux,Away,0.6530612244897959,0.7884615384615384,Ligue 1
3829508,Stade de Reims,Stade Malherbe Caen,Home,,,Ligue 1
3829508,Stade Malherbe Caen,Stade de Reims,Away,0.0,0.0,Ligue 1
3829507,Toulouse,Angers,Home,1.45,1.5106382978723405,Ligue 1
3829507,Angers,Toulouse,Away,0.6206896551724138,0.4032258064516129,Ligue 1
3829506,Guingamp,Lille,Home,0.7073170731707317,0.6304347826086957,Ligue 1
3829506,Lille,Guingamp,Away,0.6382978723404256,0.6774193548387096,Ligue 1
3829505,Saint-Étienne,Gazélec Ajaccio,Home,1.1627906976744187,0.7213114754098361,Ligue 1
3829505,Gazélec Ajaccio,Saint-Étienne,Away,0.5636363636363636,0.7457627118644068,Ligue 1
3829504,Bastia,Paris Saint-Germain,Home,0.9574468085106383,0.8181818181818182,Ligue 1
3829504,Paris Saint-Germain,Bastia,Away,0.8095238095238095,0.5957446808510638,Ligue 1
3829503,Nantes,Troyes,Home,1.1333333333333333,0.717391304347826,Ligue 1
3829503,Troyes,Nantes,Away,0.5357142857142857,0.7708333333333334,Ligue 1
3829502,AS Monaco,Lyon,Home,0.7692307692307693,0.8666666666666667,Ligue 1
3829502,Lyon,AS Monaco,Away,0.6226415094339622,0.8571428571428571,Ligue 1
3829501,AS Monaco,Rennes,Home,0.7441860465116279,0.7560975609756098,Ligue 1
3829501,Rennes,AS Monaco,Away,0.7692307692307693,0.9777777777777777,Ligue 1
3829500,Paris Saint-Germain,Olympique de Marseille,Home,,,Ligue 1
3829500,Olympique de Marseille,Paris Saint-Germain,Away,0.0,0.0,Ligue 1
3829498,Lorient,Bordeaux,Home,0.9591836734693877,0.9230769230769231,Ligue 1
3829498,Bordeaux,Lorient,Away,1.25,1.0576923076923077,Ligue 1
3829497,Troyes,Guingamp,Home,1.0185185185185186,1.1590909090909092,Ligue 1
3829497,Guingamp,Troyes,Away,0.8775510204081632,0.8222222222222222,Ligue 1
3829494,Gazélec Ajaccio,Toulouse,Home,0.7592592592592593,1.125,Ligue 1
3829494,Toulouse,Gazélec Ajaccio,Away,1.0,0.66,Ligue 1
3829493,Lille,Montpellier,Home,0.84,1.183673469387755,Ligue 1
3829493,Montpellier,Lille,Away,0.5689655172413793,0.6666666666666666,Ligue 1
3829492,Lille,Nantes,Home,1.641025641025641,0.9148936170212766,Ligue 1
3829492,Nantes,Lille,Away,0.5522388059701493,0.423728813559322,Ligue 1
3829491,Olympique de Marseille,Angers,Home,1.3888888888888888,1.0789473684210527,Ligue 1
3829491,Angers,Olympique de Marseille,Away,0.6190476190476191,0.6727272727272727,Ligue 1
3829490,Saint-Étienne,OGC Nice,Home,0.76,0.9591836734693877,Ligue 1
3829490,OGC Nice,Saint-Étienne,Away,1.0,0.46,Ligue 1
3829489,Montpellier,Lorient,Home,0.8043478260869565,0.7254901960784313,Ligue 1
3829489,Lorient,Montpellier,Away,0.5254237288135594,0.7450980392156863,Ligue 1
3829488,Guingamp,AS Monaco,Home,1.3777777777777778,0.8076923076923077,Ligue 1
3829488,AS Monaco,Guingamp,Away,0.8269230769230769,0.6444444444444445,Ligue 1
3829487,Stade Malherbe Caen,Gazélec Ajaccio,Home,0.7659574468085106,0.6923076923076923,Ligue 1
3829487,Gazélec Ajaccio,Stade Malherbe Caen,Away,0.7115384615384616,0.9,Ligue 1
3829486,Bastia,Toulouse,Home,0.7924528301886793,0.6507936507936508,Ligue 1
3829486,Toulouse,Bastia,Away,0.78,0.775,Ligue 1
3829485,Rennes,Troyes,Home,1.2708333333333333,0.8269230769230769,Ligue 1
3829485,Troyes,Rennes,Away,0.6779661016949152,0.7115384615384616,Ligue 1
3829484,Bordeaux,Lyon,Home,0.6666666666666666,0.9215686274509803,Ligue 1
3829484,Lyon,Bordeaux,Away,0.8444444444444444,0.88,Ligue 1
3829483,Nantes,Paris Saint-Germain,Home,0.8235294117647058,1.5957446808510638,Ligue 1
3829483,Paris Saint-Germain,Nantes,Away,0.9347826086956522,0.7346938775510204,Ligue 1
3829482,Stade de Reims,Lille,Home,0.6326530612244898,0.45098039215686275,Ligue 1
3829482,Lille,Stade de Reims,Away,0.75,1.0,Ligue 1
3829481,Montpellier,AS Monaco,Home,0.8269230769230769,0.8333333333333334,Ligue 1
3829481,AS Monaco,Montpellier,Away,1.037037037037037,0.9583333333333334,Ligue 1
3829480,Troyes,Saint-Étienne,Home,0.8085106382978723,0.7627118644067796,Ligue 1
3829480,Saint-Étienne,Troyes,Away,0.7090909090909091,0.8518518518518519,Ligue 1
3829477,Toulouse,Olympique de Marseille,Home,,,Ligue 1
3829477,Olympique de Marseille,Toulouse,Away,0.0,0.0,Ligue 1
3829476,Lyon,Bastia,Home,0.6904761904761905,0.9433962264150944,Ligue 1
3829476,Bastia,Lyon,Away,0.8431372549019608,0.7727272727272727,Ligue 1
3829475,OGC Nice,Bordeaux,Home,1.475,0.6976744186046512,Ligue 1
3829475,Bordeaux,OGC Nice,Away,1.04,2.051282051282051,Ligue 1
3829474,Angers,Stade de Reims,Home,1.0212765957446808,0.9375,Ligue 1
3829474,Stade de Reims,Angers,Away,1.1063829787234043,1.0576923076923077,Ligue 1
3829473,Paris Saint-Germain,Guingamp,Home,0.8571428571428571,1.4222222222222223,Ligue 1
3829473,Guingamp,Paris Saint-Germain,Away,0.64,0.7777777777777778,Ligue 1
3829471,Bordeaux,Toulouse,Home,0.864406779661017,1.1818181818181819,Ligue 1
3829471,Toulouse,Bordeaux,Away,0.8113207547169812,0.7254901960784313,Ligue 1
3829468,Guingamp,Gazélec Ajaccio,Home,0.9761904761904762,0.868421052631579,Ligue 1
3829468,Gazélec Ajaccio,Guingamp,Away,0.625,0.6595744680851063,Ligue 1
3829467,Stade Malherbe Caen,Montpellier,Home,1.0555555555555556,0.9,Ligue 1
3829467,Montpellier,Stade Malherbe Caen,Away,0.6037735849056604,0.6724137931034483,Ligue 1
3829465,Stade de Reims,Paris Saint-Germain,Home,1.0222222222222221,0.5535714285714286,Ligue 1
3829465,Paris Saint-Germain,Stade de Reims,Away,0.9047619047619048,1.0444444444444445,Ligue 1
3829464,Bastia,OGC Nice,Home,1.2448979591836735,1.6304347826086956,Ligue 1
3829464,OGC Nice,Bastia,Away,0.6296296296296297,0.6333333333333333,Ligue 1
3829463,Rennes,Lille,Home,0.7346938775510204,0.6862745098039216,Ligue 1
3829463,Lille,Rennes,Away,1.4545454545454546,1.1304347826086956,Ligue 1
3829462,Gazélec Ajaccio,AS Monaco,Home,0.5272727272727272,0.4528301886792453,Ligue 1
3829462,AS Monaco,Gazélec Ajaccio,Away,0.5,0.532258064516129,Ligue 1
3829460,Nantes,Rennes,Home,1.375,0.9615384615384616,Ligue 1
3829460,Rennes,Nantes,Away,0.9464285714285714,1.606060606060606,Ligue 1
3829458,Toulouse,Stade de Reims,Home,0.7647058823529411,0.803921568627451,Ligue 1
3829458,Stade de Reims,Toulouse,Away,1.1777777777777778,1.018181818181818,Ligue 1
3829457,Montpellier,Saint-Étienne,Home,0.9230769230769231,0.7321428571428571,Ligue 1
3829457,Saint-Étienne,Montpellier,Away,0.7258064516129032,0.6166666666666667,Ligue 1
3829456,Lorient,Angers,Home,1.2156862745098038,1.3333333333333333,Ligue 1
3829456,Angers,Lorient,Away,0.9830508474576272,0.8833333333333333,Ligue 1
3829455,Troyes,Stade Malherbe Caen,Home,,,Ligue 1
3829455,Stade Malherbe Caen,Troyes,Away,0.0,0.0,Ligue 1
3829453,Paris Saint-Germain,Bordeaux,Home,1.2926829268292683,0.8095238095238095,Ligue 1
3829453,Bordeaux,Paris Saint-Germain,Away,0.8,1.3695652173913044,Ligue 1
3829452,Bordeaux,Nantes,Home,0.8604651162790697,0.7708333333333334,Ligue 1
3829452,Nantes,Bordeaux,Away,0.7291666666666666,0.7708333333333334,Ligue 1
3829451,Saint-Étienne,Bastia,Home,1.6046511627906976,1.5454545454545454,Ligue 1
3829451,Bastia,Saint-Étienne,Away,0.22,0.6086956521739131,Ligue 1
3829450,AS Monaco,Paris Saint-Germain,Home,2.0277777777777777,1.35,Ligue 1
3829450,Paris Saint-Germain,AS Monaco,Away,0.575,0.9347826086956522,Ligue 1
3829449,Rennes,Toulouse,Home,0.8846153846153846,0.5283018867924528,Ligue 1
3829449,Toulouse,Rennes,Away,0.7377049180327869,0.7307692307692307,Ligue 1
3829448,Stade de Reims,Lorient,Home,0.8285714285714286,0.6170212765957447,Ligue 1
3829448,Lorient,Stade de Reims,Away,0.4634146341463415,1.0909090909090908,Ligue 1
3829447,Lille,Gazélec Ajaccio,Home,0.8723404255319149,0.7758620689655172,Ligue 1
3829447,Gazélec Ajaccio,Lille,Away,0.375,0.4576271186440678,Ligue 1
3829446,Troyes,Montpellier,Home,0.6538461538461539,0.5272727272727272,Ligue 1
3829446,Montpellier,Troyes,Away,0.6511627906976745,0.6153846153846154,Ligue 1
3829443,Guingamp,Olympique de Marseille,Home,,,Ligue 1
3829443,Olympique de Marseille,Guingamp,Away,0.0,0.0,Ligue 1
3829442,Lille,Bordeaux,Home,0.5208333333333334,0.7307692307692307,Ligue 1
3829442,Bordeaux,Lille,Away,1.2448979591836735,0.7457627118644068,Ligue 1
3829440,Lorient,Saint-Étienne,Home,0.5192307692307693,0.4,Ligue 1
3829440,Saint-Étienne,Lorient,Away,1.1224489795918366,1.169811320754717,Ligue 1
3829437,Gazélec Ajaccio,Angers,Home,0.6,1.1666666666666667,Ligue 1
3829437,Angers,Gazélec Ajaccio,Away,0.7735849056603774,0.8163265306122449,Ligue 1
3829436,Nantes,Stade de Reims,Home,0.7586206896551724,0.8372093023255814,Ligue 1
3829436,Stade de Reims,Nantes,Away,1.0851063829787233,0.6976744186046512,Ligue 1
3829435,Lyon,Rennes,Home,1.0465116279069768,0.94,Ligue 1
3829435,Rennes,Lyon,Away,1.1764705882352942,0.5294117647058824,Ligue 1
3829434,Bastia,Guingamp,Home,0.46808510638297873,0.3620689655172414,Ligue 1
3829434,Guingamp,Bastia,Away,0.543859649122807,1.0,Ligue 1
3829432,Paris Saint-Germain,Gazélec Ajaccio,Home,0.7297297297297297,0.782608695652174,Ligue 1
3829432,Gazélec Ajaccio,Paris Saint-Germain,Away,1.0,0.6521739130434783,Ligue 1
3829431,Lorient,Bastia,Home,0.6888888888888889,0.9591836734693877,Ligue 1
3829431,Bastia,Lorient,Away,0.7358490566037735,0.34545454545454546,Ligue 1
3829430,Stade de Reims,Olympique de Marseille,Home,,,Ligue 1
3829430,Olympique de Marseille,Stade de Reims,Away,0.0,0.0,Ligue 1
3829429,Rennes,Montpellier,Home,0.86,0.8,Ligue 1
3829429,Montpellier,Rennes,Away,0.8490566037735849,1.0714285714285714,Ligue 1
3829427,Troyes,OGC Nice,Home,0.825,0.8611111111111112,Ligue 1
3829427,OGC Nice,Troyes,Away,0.5909090909090909,0.7551020408163265,Ligue 1
3829426,Guingamp,Lyon,Home,1.0789473684210527,0.7627118644067796,Ligue 1
3829426,Lyon,Guingamp,Away,0.5490196078431373,0.7169811320754716,Ligue 1
3829425,Angers,Nantes,Home,0.9583333333333334,1.0769230769230769,Ligue 1
3829425,Nantes,Angers,Away,0.7083333333333334,0.7169811320754716,Ligue 1
3829424,Saint-Étienne,Bordeaux,Home,0.6097560975609756,0.8181818181818182,Ligue 1
3829424,Bordeaux,Saint-Étienne,Away,1.1136363636363635,0.7916666666666666,Ligue 1
3829423,AS Monaco,Lille,Home,0.7115384615384616,0.74,Ligue 1
3829423,Lille,AS Monaco,Away,0.5918367346938775,0.6862745098039216,Ligue 1
3829422,Lyon,Lorient,Home,0.9487179487179487,0.9090909090909091,Ligue 1
3829422,Lorient,Lyon,Away,0.5,0.7777777777777778,Ligue 1
3829421,Toulouse,Saint-Étienne,Home,1.0,0.6140350877192983,Ligue 1
3829421,Saint-Étienne,Toulouse,Away,0.7073170731707317,1.0192307692307692,Ligue 1
3829420,Bordeaux,Stade de Reims,Home,1.2608695652173914,0.8928571428571429,Ligue 1
3829420,Stade de Reims,Bordeaux,Away,1.0,0.46774193548387094,Ligue 1
3829419,Montpellier,Angers,Home,0.9523809523809523,0.38,Ligue 1
3829419,Angers,Montpellier,Away,1.183673469387755,0.9056603773584906,Ligue 1
3829418,Nantes,Guingamp,Home,0.8695652173913043,0.9,Ligue 1
3829418,Guingamp,Nantes,Away,0.9298245614035088,0.7962962962962963,Ligue 1
3829417,Troyes,Gazélec Ajaccio,Home,1.0454545454545454,1.0408163265306123,Ligue 1
3829417,Gazélec Ajaccio,Troyes,Away,0.8867924528301887,0.509090909090909,Ligue 1
3829415,Bastia,Rennes,Home,1.0638297872340425,0.9148936170212766,Ligue 1
3829415,Rennes,Bastia,Away,0.9811320754716981,0.6923076923076923,Ligue 1
3754217,Chelsea,Arsenal,Home,0.68,1.4736842105263157,Premier League
3754217,Arsenal,Chelsea,Away,0.6666666666666666,0.5428571428571428,Premier League
3754117,Aston Villa,Arsenal,Home,0.6410256410256411,0.6222222222222222,Premier League
3754117,Arsenal,Aston Villa,Away,0.6363636363636364,0.9019607843137255,Premier League
3754296,Arsenal,Manchester City,Home,0.6744186046511628,0.6888888888888889,Premier League
3754296,Manchester City,Arsenal,Away,0.5714285714285714,1.0851063829787233,Premier League
3753983,Swansea City,Arsenal,Home,0.8666666666666667,1.0,Premier League
3753983,Arsenal,Swansea City,Away,0.813953488372093,1.2,Premier League
3754160,Arsenal,Sunderland,Home,0.48717948717948717,0.627906976744186,Premier League
3754160,Sunderland,Arsenal,Away,0.6097560975609756,0.6274509803921569,Premier League
3754129,Arsenal,Liverpool,Home,0.8958333333333334,0.7857142857142857,Premier League
3754129,Liverpool,Arsenal,Away,1.0816326530612246,0.803921568627451,Premier League
3754309,Southampton,Arsenal,Home,1.0196078431372548,1.225,Premier League
3754309,Arsenal,Southampton,Away,0.4772727272727273,0.4634146341463415,Premier League
3754047,Liverpool,Swansea City,Home,1.5227272727272727,0.7727272727272727,Premier League
3754047,Swansea City,Liverpool,Away,0.37254901960784315,0.47619047619047616,Premier League
3754058,Leicester City,AFC Bournemouth,Home,1.380952380952381,0.5636363636363636,Premier League
3754058,AFC Bournemouth,Leicester City,Away,1.075,0.625,Premier League
3754245,West Bromwich Albion,Sunderland,Home,0.7073170731707317,0.625,Premier League
3754245,Sunderland,West Bromwich Albion,Away,0.6046511627906976,0.9777777777777777,Premier League
3754136,Newcastle United,Aston Villa,Home,1.3958333333333333,0.6610169491525424,Premier League
3754136,Aston Villa,Newcastle United,Away,0.4727272727272727,0.9361702127659575,Premier League
3754037,Everton,AFC Bournemouth,Home,1.4615384615384615,0.8571428571428571,Premier League
3754037,AFC Bournemouth,Everton,Away,0.5454545454545454,1.1818181818181819,Premier League
3754039,Crystal Palace,Watford,Home,0.6122448979591837,0.8723404255319149,Premier League
3754039,Watford,Crystal Palace,Away,1.1176470588235294,0.8032786885245902,Premier League
3754041,Arsenal,Aston Villa,Home,1.0,0.6923076923076923,Premier League
3754041,Aston Villa,Arsenal,Away,0.38636363636363635,0.5945945945945946,Premier League
3754042,West Bromwich Albion,Liverpool,Home,1.2916666666666667,0.75,Premier League
3754042,Liverpool,West Bromwich Albion,Away,0.8181818181818182,1.0,Premier League
3754043,Tottenham Hotspur,AFC Bournemouth,Home,1.2264150943396226,1.0196078431372548,Premier League
3754043,AFC Bournemouth,Tottenham Hotspur,Away,1.108695652173913,1.7027027027027026,Premier League
3754045,Leicester City,Manchester City,Home,0.8235294117647058,0.6538461538461539,Premier League
3754045,Manchester City,Leicester City,Away,0.851063829787234,0.8648648648648649,Premier League
3754048,Crystal Palace,Everton,Home,1.1395348837209303,1.2325581395348837,Premier League
3754048,Everton,Crystal Palace,Away,0.41304347826086957,0.4375,Premier League
3754049,Leicester City,Norwich City,Home,1.105263157894737,0.6964285714285714,Premier League
3754049,Norwich City,Leicester City,Away,1.2391304347826086,0.7735849056603774,Premier League
3754050,Sunderland,Crystal Palace,Home,0.8823529411764706,1.3488372093023255,Premier League
3754050,Crystal Palace,Sunderland,Away,0.8679245283018868,0.6153846153846154,Premier League
3754052,West Bromwich Albion,Norwich City,Home,0.9534883720930233,0.7592592592592593,Premier League
3754052,Norwich City,West Bromwich Albion,Away,0.9411764705882353,1.3043478260869565,Premier League
3754053,Aston Villa,Tottenham Hotspur,Home,1.127659574468085,0.7551020408163265,Premier League
3754053,Tottenham Hotspur,Aston Villa,Away,0.5576923076923077,0.7872340425531915,Premier League
3754055,Liverpool,Chelsea,Home,0.8867924528301887,0.6666666666666666,Premier League
3754055,Chelsea,Liverpool,Away,0.9038461538461539,0.8813559322033898,Premier League
3754226,Sunderland,Liverpool,Home,0.6590909090909091,0.9777777777777777,Premier League
3754226,Liverpool,Sunderland,Away,0.9069767441860465,0.6166666666666667,Premier League
3754014,Stoke City,Manchester United,Home,0.34782608695652173,0.3333333333333333,Premier League
3754014,Manchester United,Stoke City,Away,1.2272727272727273,1.0833333333333333,Premier League
3754091,Stoke City,Watford,Home,0.7714285714285715,0.5208333333333334,Premier League
3754091,Watford,Stoke City,Away,0.7407407407407407,0.6862745098039216,Premier League
3754135,Stoke City,Manchester City,Home,0.25,0.75,Premier League
3754135,Manchester City,Stoke City,Away,1.2439024390243902,0.6031746031746031,Premier League
3754293,Stoke City,Chelsea,Home,0.6086956521739131,0.4489795918367347,Premier League
3754293,Chelsea,Stoke City,Away,0.627906976744186,1.0,Premier League
3754339,Stoke City,AFC Bournemouth,Home,0.74,0.8823529411764706,Premier League
3754339,AFC Bournemouth,Stoke City,Away,0.7,0.5853658536585366,Premier League
3754146,Stoke City,Leicester City,Home,0.6097560975609756,0.49056603773584906,Premier League
3754146,Leicester City,Stoke City,Away,0.5306122448979592,0.8448275862068966,Premier League
3754347,Manchester United,West Ham United,Home,0.8536585365853658,0.8444444444444444,Premier League
3754347,West Ham United,Manchester United,Away,0.35294117647058826,0.6538461538461539,Premier League
3754255,Liverpool,West Bromwich Albion,Home,0.7073170731707317,0.7560975609756098,Premier League
3754255,West Bromwich Albion,Liverpool,Away,0.6046511627906976,0.4727272727272727,Premier League
3754278,AFC Bournemouth,Watford,Home,0.8604651162790697,0.46296296296296297,Premier League
3754278,Watford,AFC Bournemouth,Away,0.8541666666666666,0.75,Premier League
3753979,Crystal Palace,Sunderland,Home,0.86,0.675,Premier League
3753979,Sunderland,Crystal Palace,Away,0.3404255319148936,0.296875,Premier League
3753972,Swansea City,AFC Bournemouth,Home,1.2666666666666666,1.0851063829787233,Premier League
3753972,AFC Bournemouth,Swansea City,Away,0.9555555555555556,0.7619047619047619,Premier League
3753978,Southampton,Swansea City,Home,0.8867924528301887,0.5686274509803921,Premier League
3753978,Swansea City,Southampton,Away,0.4666666666666667,0.6382978723404256,Premier League
3753974,Newcastle United,Everton,Home,0.6046511627906976,0.926829268292683,Premier League
3753974,Everton,Newcastle United,Away,1.3243243243243243,1.2553191489361701,Premier League
3753993,Sunderland,Norwich City,Home,0.9056603773584906,0.8148148148148148,Premier League
3753993,Norwich City,Sunderland,Away,1.1904761904761905,1.024390243902439,Premier League
3754015,Manchester United,Manchester City,Home,0.8913043478260869,0.7916666666666666,Premier League
3754015,Manchester City,Manchester United,Away,0.8666666666666667,0.8,Premier League
3754038,Norwich City,Arsenal,Home,0.6136363636363636,0.6,Premier League
3754038,Arsenal,Norwich City,Away,0.9230769230769231,1.236842105263158,Premier League
3754001,Newcastle United,Chelsea,Home,0.8490566037735849,0.56,Premier League
3754001,Chelsea,Newcastle United,Away,0.5490196078431373,1.0263157894736843,Premier League
3754007,Stoke City,West Bromwich Albion,Home,0.7560975609756098,0.12698412698412698,Premier League
3754007,West Bromwich Albion,Stoke City,Away,0.8157894736842105,0.6956521739130435,Premier League
3754008,Manchester United,Sunderland,Home,1.2045454545454546,0.8717948717948718,Premier League
3754008,Sunderland,Manchester United,Away,0.3684210526315789,0.574468085106383,Premier League
3754029,Tottenham Hotspur,Aston Villa,Home,0.925,0.8125,Premier League
3754029,Aston Villa,Tottenham Hotspur,Away,0.391304347826087,0.5925925925925926,Premier League
3753995,Chelsea,Southampton,Home,0.4827586206896552,1.0444444444444445,Premier League
3753995,Southampton,Chelsea,Away,0.8,0.7708333333333334,Premier League
3753999,Watford,Arsenal,Home,1.3333333333333333,1.0666666666666667,Premier League
3753999,Arsenal,Watford,Away,0.4883720930232558,0.5714285714285714,Premier League
3754017,Aston Villa,Swansea City,Home,0.6721311475409836,0.7307692307692307,Premier League
3754017,Swansea City,Aston Villa,Away,0.5254237288135594,0.5925925925925926,Premier League
3754006,West Bromwich Albion,Leicester City,Home,0.425,0.5813953488372093,Premier League
3754006,Leicester City,West Bromwich Albion,Away,0.54,0.7446808510638298,Premier League
3754023,AFC Bournemouth,Leicester City,Home,0.7555555555555555,0.7560975609756098,Premier League
3754023,Leicester City,AFC Bournemouth,Away,0.95,1.148936170212766,Premier League
3753984,Liverpool,West Ham United,Home,1.25,0.9107142857142857,Premier League
3753984,West Ham United,Liverpool,Away,0.45454545454545453,0.3888888888888889,Premier League
3754011,Southampton,Manchester United,Home,0.5416666666666666,1.0,Premier League
3754011,Manchester United,Southampton,Away,0.6444444444444445,0.28846153846153844,Premier League
3754010,Newcastle United,Watford,Home,0.45454545454545453,0.5306122448979592,Premier League
3754010,Watford,Newcastle United,Away,0.7192982456140351,0.8888888888888888,Premier League
3754028,Manchester City,Southampton,Home,0.9473684210526315,0.5818181818181818,Premier League
3754028,Southampton,Manchester City,Away,0.45454545454545453,1.0731707317073171,Premier League
3753996,Chelsea,Norwich City,Home,0.7441860465116279,0.9444444444444444,Premier League
3753996,Norwich City,Chelsea,Away,0.7,0.43478260869565216,Premier League
3754025,Chelsea,Sunderland,Home,0.6666666666666666,0.5789473684210527,Premier League
3754025,Sunderland,Chelsea,Away,0.5625,0.7608695652173914,Premier League
3754068,Aston Villa,West Bromwich Albion,Home,0.62,0.5909090909090909,Premier League
3754068,West Bromwich Albion,Aston Villa,Away,0.4594594594594595,0.2153846153846154,Premier League
3754056,Everton,Stoke City,Home,0.6818181818181818,0.8409090909090909,Premier League
3754056,Stoke City,Everton,Away,0.4782608695652174,0.3137254901960784,Premier League
3754040,Liverpool,Norwich City,Home,0.9111111111111111,0.62,Premier League
3754040,Norwich City,Liverpool,Away,0.7,0.673469387755102,Premier League
3754074,Swansea City,Tottenham Hotspur,Home,0.725,0.41025641025641024,Premier League
3754074,Tottenham Hotspur,Swansea City,Away,1.0434782608695652,0.6862745098039216,Premier League
3754076,Sunderland,West Ham United,Home,0.4074074074074074,0.6153846153846154,Premier League
3754076,West Ham United,Sunderland,Away,0.7111111111111111,0.3684210526315789,Premier League
3754067,Crystal Palace,West Ham United,Home,0.7954545454545454,0.4186046511627907,Premier League
3754067,West Ham United,Crystal Palace,Away,0.45098039215686275,0.75,Premier League
3754079,Manchester City,Newcastle United,Home,0.9090909090909091,1.054054054054054,Premier League
3754079,Newcastle United,Manchester City,Away,0.509090909090909,0.375,Premier League
3754090,Newcastle United,Stoke City,Home,0.5961538461538461,0.5789473684210527,Premier League
3754090,Stoke City,Newcastle United,Away,0.5652173913043478,0.49122807017543857,Premier League
3754083,Chelsea,Crystal Palace,Home,1.0769230769230769,0.7115384615384616,Premier League
3754083,Crystal Palace,Chelsea,Away,0.3170731707317073,0.4716981132075472,Premier League
3754077,Manchester City,West Ham United,Home,1.1,1.7428571428571429,Premier League
3754077,West Ham United,Manchester City,Away,0.43478260869565216,0.3148148148148148,Premier League
3754060,Everton,Liverpool,Home,0.64,0.75,Premier League
3754060,Liverpool,Everton,Away,0.8125,0.7777777777777778,Premier League
3754073,Chelsea,AFC Bournemouth,Home,0.76,0.9333333333333333,Premier League
3754073,AFC Bournemouth,Chelsea,Away,0.9038461538461539,0.5925925925925926,Premier League
3754085,Swansea City,Leicester City,Home,0.9545454545454546,0.7857142857142857,Premier League
3754085,Leicester City,Swansea City,Away,1.1304347826086956,1.1224489795918366,Premier League
3754051,Watford,Liverpool,Home,0.7959183673469388,0.8461538461538461,Premier League
3754051,Liverpool,Watford,Away,0.8867924528301887,0.7,Premier League
3754093,Tottenham Hotspur,Chelsea,Home,0.5434782608695652,0.6363636363636364,Premier League
3754093,Chelsea,Tottenham Hotspur,Away,0.9736842105263158,0.9629629629629629,Premier League
3754046,Everton,Crystal Palace,Home,0.7659574468085106,1.2702702702702702,Premier League
3754046,Crystal Palace,Everton,Away,1.0416666666666667,0.72,Premier League
3754072,Sunderland,Watford,Home,0.8723404255319149,0.82,Premier League
3754072,Watford,Sunderland,Away,0.7291666666666666,0.72,Premier League
3754082,Everton,Sunderland,Home,0.4473684210526316,0.5263157894736842,Premier League
3754082,Sunderland,Everton,Away,0.5,0.6341463414634146,Premier League
3754106,Leicester City,Aston Villa,Home,1.1764705882352942,0.72,Premier League
3754106,Aston Villa,Leicester City,Away,0.5961538461538461,0.3387096774193548,Premier League
3754099,Crystal Palace,West Bromwich Albion,Home,0.75,0.7446808510638298,Premier League
3754099,West Bromwich Albion,Crystal Palace,Away,0.7708333333333334,0.88,Premier League
3754098,Chelsea,Liverpool,Home,0.6491228070175439,1.2156862745098038,Premier League
3754098,Liverpool,Chelsea,Away,0.8823529411764706,0.78,Premier League
3754057,Tottenham Hotspur,Norwich City,Home,0.3125,1.4222222222222223,Premier League
3754057,Norwich City,Tottenham Hotspur,Away,0.7358490566037735,0.9318181818181818,Premier League
3754112,Newcastle United,Southampton,Home,0.38636363636363635,0.5625,Premier League
3754112,Southampton,Newcastle United,Away,0.7377049180327869,0.4772727272727273,Premier League
3754104,Norwich City,Stoke City,Home,0.9534883720930233,0.775,Premier League
3754104,Stoke City,Norwich City,Away,0.47619047619047616,0.4583333333333333,Premier League
3754054,Manchester City,Sunderland,Home,0.9487179487179487,0.7575757575757576,Premier League
3754054,Sunderland,Manchester City,Away,0.5111111111111111,1.0212765957446808,Premier League
3754113,Southampton,Aston Villa,Home,0.6875,0.5853658536585366,Premier League
3754113,Aston Villa,Southampton,Away,0.3333333333333333,0.625,Premier League
3754107,Aston Villa,Manchester United,Home,0.7380952380952381,0.8113207547169812,Premier League
3754107,Manchester United,Aston Villa,Away,0.98,0.6521739130434783,Premier League
3754105,West Bromwich Albion,Everton,Home,0.9411764705882353,0.5,Premier League
3754105,Everton,West Bromwich Albion,Away,0.5106382978723404,1.065217391304348,Premier League
3754097,Manchester United,Tottenham Hotspur,Home,1.3863636363636365,1.0,Premier League
3754097,Tottenham Hotspur,Manchester United,Away,0.9361702127659575,0.8518518518518519,Premier League
3754102,Newcastle United,Norwich City,Home,0.9047619047619048,0.3877551020408163,Premier League
3754102,Norwich City,Newcastle United,Away,0.675,0.54,Premier League
3754115,Chelsea,Aston Villa,Home,1.368421052631579,0.9811320754716981,Premier League
3754115,Aston Villa,Chelsea,Away,0.4909090909090909,0.78,Premier League
3754148,Sunderland,Tottenham Hotspur,Home,0.3333333333333333,0.5185185185185185,Premier League
3754148,Tottenham Hotspur,Sunderland,Away,0.7,0.66,Premier League
3754169,AFC Bournemouth,Sunderland,Home,0.7333333333333333,0.74,Premier League
3754169,Sunderland,AFC Bournemouth,Away,0.6078431372549019,0.9791666666666666,Premier League
3754174,Leicester City,Arsenal,Home,0.6363636363636364,0.6949152542372882,Premier League
3754174,Arsenal,Leicester City,Away,0.627906976744186,0.3728813559322034,Premier League
3754185,Watford,Manchester United,Home,0.9807692307692307,0.8653846153846154,Premier League
3754185,Manchester United,Watford,Away,0.5740740740740741,0.5862068965517241,Premier League
3754162,AFC Bournemouth,Manchester United,Home,0.8333333333333334,0.5689655172413793,Premier League
3754162,Manchester United,AFC Bournemouth,Away,0.5686274509803921,0.5909090909090909,Premier League
3754096,West Ham United,Stoke City,Home,0.8333333333333334,0.42,Premier League
3754096,Stoke City,West Ham United,Away,0.6875,0.7678571428571429,Premier League
3754171,Arsenal,Manchester United,Home,0.14634146341463414,0.4642857142857143,Premier League
3754171,Manchester United,Arsenal,Away,1.3170731707317074,1.0232558139534884,Premier League
3754119,Sunderland,Newcastle United,Home,0.7073170731707317,0.86,Premier League
3754119,Newcastle United,Sunderland,Away,0.4857142857142857,0.4423076923076923,Premier League
3754126,Arsenal,Everton,Home,0.6122448979591837,0.7169811320754716,Premier League
3754126,Everton,Arsenal,Away,0.76,0.9310344827586207,Premier League
3754133,Norwich City,West Bromwich Albion,Home,0.4418604651162791,0.375,Premier League
3754133,West Bromwich Albion,Norwich City,Away,0.3953488372093023,0.7659574468085106,Premier League
3754167,Manchester City,Norwich City,Home,1.0277777777777777,0.6111111111111112,Premier League
3754167,Norwich City,Manchester City,Away,0.26666666666666666,0.44680851063829785,Premier League
3754145,West Bromwich Albion,Manchester City,Home,0.696969696969697,0.46938775510204084,Premier League
3754145,Manchester City,West Bromwich Albion,Away,1.28125,0.46938775510204084,Premier League
3754153,Stoke City,Crystal Palace,Home,0.5416666666666666,0.375,Premier League
3754153,Crystal Palace,Stoke City,Away,0.5,0.3333333333333333,Premier League
3754143,Newcastle United,Liverpool,Home,0.8269230769230769,0.8518518518518519,Premier League
3754143,Liverpool,Newcastle United,Away,0.7,1.12,Premier League
3754186,Leicester City,Manchester United,Home,0.8235294117647058,0.46,Premier League
3754186,Manchester United,Leicester City,Away,0.625,0.5897435897435898,Premier League
3754130,Norwich City,Aston Villa,Home,0.5853658536585366,0.7083333333333334,Premier League
3754130,Aston Villa,Norwich City,Away,0.9722222222222222,0.9130434782608695,Premier League
3754188,Southampton,Tottenham Hotspur,Home,1.0784313725490196,0.875,Premier League
3754188,Tottenham Hotspur,Southampton,Away,0.6666666666666666,0.8888888888888888,Premier League
3754178,Aston Villa,Watford,Home,0.6388888888888888,0.6923076923076923,Premier League
3754178,Watford,Aston Villa,Away,0.7222222222222222,0.46153846153846156,Premier League
3754157,AFC Bournemouth,Everton,Home,0.8723404255319149,1.1458333333333333,Premier League
3754157,Everton,AFC Bournemouth,Away,0.46,0.5454545454545454,Premier League
3754166,Everton,Leicester City,Home,0.5454545454545454,0.6170212765957447,Premier League
3754166,Leicester City,Everton,Away,0.7857142857142857,0.6666666666666666,Premier League
3754211,Newcastle United,Leicester City,Home,0.5294117647058824,0.5686274509803921,Premier League
3754211,Leicester City,Newcastle United,Away,0.8823529411764706,0.9387755102040817,Premier League
3754150,Sunderland,Stoke City,Home,1.0666666666666667,0.9069767441860465,Premier League
3754150,Stoke City,Sunderland,Away,0.5476190476190477,0.21818181818181817,Premier League
3754218,Crystal Palace,Southampton,Home,0.6875,1.3584905660377358,Premier League
3754218,Southampton,Crystal Palace,Away,0.49056603773584906,0.9803921568627451,Premier League
3754205,Newcastle United,Arsenal,Home,0.6363636363636364,0.48936170212765956,Premier League
3754205,Arsenal,Newcastle United,Away,0.8181818181818182,0.7068965517241379,Premier League
3754221,Swansea City,Manchester United,Home,0.6122448979591837,0.9772727272727273,Premier League
3754221,Manchester United,Swansea City,Away,0.7209302325581395,0.6,Premier League
3754198,Tottenham Hotspur,Liverpool,Home,0.5714285714285714,0.8571428571428571,Premier League
3754198,Liverpool,Tottenham Hotspur,Away,0.9726027397260274,0.82,Premier League
3754193,Manchester City,AFC Bournemouth,Home,0.35294117647058826,0.29310344827586204,Premier League
3754193,AFC Bournemouth,Manchester City,Away,0.9069767441860465,1.16,Premier League
3754222,Tottenham Hotspur,Crystal Palace,Home,1.1627906976744187,0.7924528301886793,Premier League
3754222,Crystal Palace,Tottenham Hotspur,Away,0.7454545454545455,0.8372093023255814,Premier League
3754213,Watford,Swansea City,Home,1.0,0.4727272727272727,Premier League
3754213,Swansea City,Watford,Away,0.8222222222222222,0.5526315789473685,Premier League
3754212,Liverpool,Aston Villa,Home,0.8536585365853658,0.6290322580645161,Premier League
3754212,Aston Villa,Liverpool,Away,0.22950819672131148,0.42105263157894735,Premier League
3754223,Crystal Palace,Manchester United,Home,1.4,0.7714285714285715,Premier League
3754223,Manchester United,Crystal Palace,Away,0.9285714285714286,0.574468085106383,Premier League
3754197,Tottenham Hotspur,Manchester City,Home,0.8478260869565217,0.5932203389830508,Premier League
3754197,Manchester City,Tottenham Hotspur,Away,0.6346153846153846,0.625,Premier League
3754208,Manchester City,Liverpool,Home,1.0303030303030303,0.7659574468085106,Premier League
3754208,Liverpool,Manchester City,Away,0.9038461538461539,0.7301587301587301,Premier League
3754204,Aston Villa,Sunderland,Home,1.088235294117647,0.6410256410256411,Premier League
3754204,Sunderland,Aston Villa,Away,0.49056603773584906,0.6888888888888889,Premier League
3754194,West Ham United,Everton,Home,0.7027027027027027,1.0,Premier League
3754194,Everton,West Ham United,Away,0.6,0.6818181818181818,Premier League
3754219,West Bromwich Albion,AFC Bournemouth,Home,0.5306122448979592,0.4864864864864865,Premier League
3754219,AFC Bournemouth,West Bromwich Albion,Away,0.4318181818181818,0.5652173913043478,Premier League
3754254,Manchester United,Newcastle United,Home,0.6491228070175439,0.7906976744186046,Premier League
3754254,Newcastle United,Manchester United,Away,0.8048780487804879,0.32075471698113206,Premier League
3754230,Liverpool,Southampton,Home,0.6451612903225806,1.25,Premier League
3754230,Southampton,Liverpool,Away,0.813953488372093,0.62,Premier League
3754285,Aston Villa,West Ham United,Home,0.6296296296296297,0.6530612244897959,Premier League
3754285,West Ham United,Aston Villa,Away,0.7551020408163265,0.5636363636363636,Premier League
3754233,Everton,Manchester City,Home,0.5490196078431373,0.8936170212765957,Premier League
3754233,Manchester City,Everton,Away,0.5490196078431373,0.7708333333333334,Premier League
3754270,Tottenham Hotspur,Stoke City,Home,1.0,0.6296296296296297,Premier League
3754270,Stoke City,Tottenham Hotspur,Away,0.9056603773584906,0.6326530612244898,Premier League
3754237,Leicester City,Sunderland,Home,1.2857142857142858,0.6666666666666666,Premier League
3754237,Sunderland,Leicester City,Away,0.23529411764705882,0.7916666666666666,Premier League
3754257,Crystal Palace,Manchester City,Home,0.6065573770491803,0.5660377358490566,Premier League
3754257,Manchester City,Crystal Palace,Away,0.5961538461538461,0.44642857142857145,Premier League
3754266,Watford,Crystal Palace,Home,0.5833333333333334,0.38,Premier League
3754266,Crystal Palace,Watford,Away,0.9090909090909091,0.7213114754098361,Premier League
3754256,Everton,Manchester United,Home,0.8536585365853658,1.375,Premier League
3754256,Manchester United,Everton,Away,0.325,0.48,Premier League
3754288,West Ham United,Chelsea,Home,0.6226415094339622,0.627906976744186,Premier League
3754288,Chelsea,West Ham United,Away,0.6140350877192983,0.45454545454545453,Premier League
3754238,AFC Bournemouth,Newcastle United,Home,1.088235294117647,0.7916666666666666,Premier League
3754238,Newcastle United,AFC Bournemouth,Away,0.8723404255319149,0.5833333333333334,Premier League
3754269,Swansea City,Stoke City,Home,0.8333333333333334,0.7346938775510204,Premier League
3754269,Stoke City,Swansea City,Away,0.5106382978723404,0.5471698113207547,Premier League
3754234,AFC Bournemouth,Tottenham Hotspur,Home,0.7555555555555555,0.7441860465116279,Premier League
3754234,Tottenham Hotspur,AFC Bournemouth,Away,1.0196078431372548,0.8125,Premier League
3754246,Manchester City,Watford,Home,1.8387096774193548,0.7368421052631579,Premier League
3754246,Watford,Manchester City,Away,0.2558139534883721,0.8461538461538461,Premier League
3754273,Watford,West Ham United,Home,1.2285714285714286,1.037037037037037,Premier League
3754273,West Ham United,Watford,Away,0.5769230769230769,0.7843137254901961,Premier League
3754263,Leicester City,Crystal Palace,Home,0.6041666666666666,0.6122448979591837,Premier League
3754263,Crystal Palace,Leicester City,Away,0.4782608695652174,1.1794871794871795,Premier League
3754268,Tottenham Hotspur,Everton,Home,0.6808510638297872,0.9375,Premier League
3754268,Everton,Tottenham Hotspur,Away,0.3076923076923077,0.5121951219512195,Premier League
3754286,Watford,Norwich City,Home,0.7674418604651163,0.4745762711864407,Premier League
3754286,Norwich City,Watford,Away,0.4444444444444444,0.4,Premier League
3754291,Watford,Tottenham Hotspur,Home,0.7450980392156863,0.5957446808510638,Premier League
3754291,Tottenham Hotspur,Watford,Away,0.7755102040816326,0.7021276595744681,Premier League
3754283,Everton,Aston Villa,Home,0.7,0.49019607843137253,Premier League
3754283,Aston Villa,Everton,Away,0.5652173913043478,1.3617021276595744,Premier League
3754235,West Ham United,West Bromwich Albion,Home,0.8409090909090909,0.5957446808510638,Premier League
3754235,West Bromwich Albion,West Ham United,Away,0.3829787234042553,0.8235294117647058,Premier League
3754279,Swansea City,West Bromwich Albion,Home,0.6521739130434783,0.6666666666666666,Premier League
3754279,West Bromwich Albion,Swansea City,Away,0.7727272727272727,0.734375,Premier League
3754276,Tottenham Hotspur,Newcastle United,Home,0.8909090909090909,0.375,Premier League
3754276,Newcastle United,Tottenham Hotspur,Away,0.48214285714285715,0.7777777777777778,Premier League
3754287,Chelsea,Watford,Home,0.5,0.6,Premier League
3754287,Watford,Chelsea,Away,0.7142857142857143,0.7586206896551724,Premier League
3754259,Swansea City,West Ham United,Home,0.9473684210526315,0.5128205128205128,Premier League
3754259,West Ham United,Swansea City,Away,0.49230769230769234,0.7755102040816326,Premier League
3754335,Norwich City,Leicester City,Home,0.5116279069767442,0.75,Premier League
3754335,Leicester City,Norwich City,Away,0.8775510204081632,0.4166666666666667,Premier League
3754298,Swansea City,Everton,Home,0.9375,0.8958333333333334,Premier League
3754298,Everton,Swansea City,Away,0.8222222222222222,0.7272727272727273,Premier League
3754315,Norwich City,AFC Bournemouth,Home,0.40816326530612246,0.5818181818181818,Premier League
3754315,AFC Bournemouth,Norwich City,Away,0.6923076923076923,0.8297872340425532,Premier League
3754330,Aston Villa,Stoke City,Home,0.7142857142857143,0.8727272727272727,Premier League
3754330,Stoke City,Aston Villa,Away,0.8333333333333334,0.6417910447761194,Premier League
3754337,Southampton,Norwich City,Home,0.5714285714285714,0.8297872340425532,Premier League
3754337,Norwich City,Southampton,Away,0.5,0.5476190476190477,Premier League
3754297,Manchester United,West Bromwich Albion,Home,1.2222222222222223,1.2272727272727273,Premier League
3754297,West Bromwich Albion,Manchester United,Away,0.4888888888888889,0.8,Premier League
3754301,West Bromwich Albion,Arsenal,Home,1.5789473684210527,0.7959183673469388,Premier League
3754301,Arsenal,West Bromwich Albion,Away,0.6444444444444445,0.7647058823529411,Premier League
3754323,West Ham United,Norwich City,Home,1.1956521739130435,1.1666666666666667,Premier League
3754323,Norwich City,West Ham United,Away,0.3333333333333333,0.3076923076923077,Premier League
3754304,Crystal Palace,Newcastle United,Home,0.574468085106383,0.32786885245901637,Premier League
3754304,Newcastle United,Crystal Palace,Away,0.7017543859649122,0.7884615384615384,Premier League
3754311,Norwich City,Swansea City,Home,0.7272727272727273,0.2571428571428571,Premier League
3754311,Swansea City,Norwich City,Away,0.6857142857142857,0.5681818181818182,Premier League
3754328,Manchester City,Swansea City,Home,0.7857142857142857,0.6956521739130435,Premier League
3754328,Swansea City,Manchester City,Away,0.6111111111111112,0.75,Premier League
3754325,West Bromwich Albion,Southampton,Home,0.8863636363636364,0.7115384615384616,Premier League
3754325,Southampton,West Bromwich Albion,Away,0.78,0.8205128205128205,Premier League
3754329,West Ham United,Newcastle United,Home,0.7551020408163265,0.5098039215686274,Premier League
3754329,Newcastle United,West Ham United,Away,0.6304347826086957,0.7692307692307693,Premier League
3754302,Southampton,Leicester City,Home,0.78,0.5555555555555556,Premier League
3754302,Leicester City,Southampton,Away,0.673469387755102,1.0425531914893618,Premier League
3754013,Leicester City,Chelsea,Home,0.5964912280701754,0.9655172413793104,Premier League
3754013,Chelsea,Leicester City,Away,0.7380952380952381,0.851063829787234,Premier League
3754044,Manchester United,Norwich City,Home,1.096774193548387,1.0263157894736843,Premier League
3754044,Norwich City,Manchester United,Away,0.6538461538461539,0.4074074074074074,Premier League
3754351,Liverpool,Crystal Palace,Home,0.5333333333333333,0.8157894736842105,Premier League
3754351,Crystal Palace,Liverpool,Away,0.625,0.9629629629629629,Premier League
3754343,Liverpool,Leicester City,Home,0.8636363636363636,0.8771929824561403,Premier League
3754343,Leicester City,Liverpool,Away,0.4727272727272727,0.582089552238806,Premier League
3754109,Tottenham Hotspur,West Ham United,Home,0.803921568627451,0.7619047619047619,Premier League
3754109,West Ham United,Tottenham Hotspur,Away,0.9629629629629629,0.7551020408163265,Premier League
3754182,Norwich City,Everton,Home,0.9777777777777777,0.9230769230769231,Premier League
3754182,Everton,Norwich City,Away,0.6222222222222222,0.8,Premier League
3754240,Arsenal,Stoke City,Home,0.9230769230769231,0.4864864864864865,Premier League
3754240,Stoke City,Arsenal,Away,0.46808510638297873,0.41379310344827586,Premier League
3754336,Everton,Chelsea,Home,0.7272727272727273,0.75,Premier League
3754336,Chelsea,Everton,Away,0.725,0.7804878048780488,Premier League
3754247,Southampton,Stoke City,Home,0.9183673469387755,1.1521739130434783,Premier League
3754247,Stoke City,Southampton,Away,0.39344262295081966,0.41509433962264153,Premier League
3754156,Leicester City,Watford,Home,0.46153846153846156,0.6590909090909091,Premier League
3754156,Watford,Leicester City,Away,0.8157894736842105,0.3695652173913043,Premier League
3754265,Arsenal,Tottenham Hotspur,Home,0.9148936170212766,1.0930232558139534,Premier League
3754265,Tottenham Hotspur,Arsenal,Away,0.8936170212765957,0.7333333333333333,Premier League
3754000,Sunderland,Southampton,Home,0.46296296296296297,0.3582089552238806,Premier League
3754000,Southampton,Sunderland,Away,0.43902439024390244,0.875,Premier League
3754003,Manchester United,Liverpool,Home,0.4782608695652174,0.5384615384615384,Premier League
3754003,Liverpool,Manchester United,Away,0.75,0.6428571428571429,Premier League
3754344,Swansea City,Newcastle United,Home,1.0833333333333333,1.3777777777777778,Premier League
3754344,Newcastle United,Swansea City,Away,0.4528301886792453,0.5238095238095238,Premier League
3754131,West Ham United,AFC Bournemouth,Home,0.4107142857142857,0.8461538461538461,Premier League
3754131,AFC Bournemouth,West Ham United,Away,0.6415094339622641,0.3953488372093023,Premier League
3754300,Everton,Watford,Home,0.9069767441860465,0.5952380952380952,Premier League
3754300,Watford,Everton,Away,0.5846153846153846,0.5370370370370371,Premier League
3754312,Crystal Palace,Arsenal,Home,0.5957446808510638,0.5490196078431373,Premier League
3754312,Arsenal,Crystal Palace,Away,0.8888888888888888,0.8666666666666667,Premier League
3754138,Norwich City,Crystal Palace,Home,1.054054054054054,0.6444444444444445,Premier League
3754138,Crystal Palace,Norwich City,Away,0.9782608695652174,0.5348837209302325,Premier League
3754203,West Ham United,Leicester City,Home,0.7567567567567568,0.6923076923076923,Premier League
3754203,Leicester City,West Ham United,Away,0.851063829787234,0.5892857142857143,Premier League
3754190,Crystal Palace,Aston Villa,Home,0.6666666666666666,0.7446808510638298,Premier League
3754190,Aston Villa,Crystal Palace,Away,0.4807692307692308,0.5576923076923077,Premier League
3754066,Manchester City,Chelsea,Home,0.9473684210526315,0.7380952380952381,Premier League
3754066,Chelsea,Manchester City,Away,0.7857142857142857,0.6136363636363636,Premier League
3754034,Southampton,Everton,Home,0.6037735849056604,0.8974358974358975,Premier League
3754034,Everton,Southampton,Away,0.5192307692307693,0.2682926829268293,Premier League
3753985,Stoke City,Liverpool,Home,0.6341463414634146,0.6666666666666666,Premier League
3753985,Liverpool,Stoke City,Away,1.2045454545454546,0.6923076923076923,Premier League
3753987,Leicester City,Tottenham Hotspur,Home,0.7619047619047619,0.5365853658536586,Premier League
3753987,Tottenham Hotspur,Leicester City,Away,0.46153846153846156,0.25,Premier League
3754189,Watford,Southampton,Home,0.8571428571428571,0.6,Premier League
3754189,Southampton,Watford,Away,0.7291666666666666,0.5573770491803278,Premier League
3754180,Sunderland,Swansea City,Home,0.875,0.8222222222222222,Premier League
3754180,Swansea City,Sunderland,Away,0.7906976744186046,0.8571428571428571,Premier League
3754059,West Bromwich Albion,Chelsea,Home,0.40476190476190477,0.8478260869565217,Premier League
3754059,Chelsea,West Bromwich Albion,Away,0.525,0.5471698113207547,Premier League
3754064,Southampton,Liverpool,Home,1.3404255319148937,0.9607843137254902,Premier League
3754064,Liverpool,Southampton,Away,0.9574468085106383,0.7377049180327869,Premier League
3754065,Tottenham Hotspur,Leicester City,Home,1.0,0.7547169811320755,Premier League
3754065,Leicester City,Tottenham Hotspur,Away,0.41379310344827586,0.8035714285714286,Premier League
3754173,Arsenal,AFC Bournemouth,Home,1.5277777777777777,0.8372093023255814,Premier League
3754173,AFC Bournemouth,Arsenal,Away,1.2553191489361701,0.9565217391304348,Premier League
3754175,Sunderland,West Bromwich Albion,Home,1.0909090909090908,1.0,Premier League
3754175,West Bromwich Albion,Sunderland,Away,0.9090909090909091,0.5769230769230769,Premier League
3753973,Chelsea,West Ham United,Home,0.9302325581395349,0.8541666666666666,Premier League
3753973,West Ham United,Chelsea,Away,1.0,0.6290322580645161,Premier League
3753975,Sunderland,AFC Bournemouth,Home,0.9347826086956522,0.9302325581395349,Premier League
3753975,AFC Bournemouth,Sunderland,Away,1.0535714285714286,1.5625,Premier League
3753976,Arsenal,Swansea City,Home,1.3,0.9791666666666666,Premier League
3753976,Swansea City,Arsenal,Away,0.9772727272727273,0.7540983606557377,Premier League
3753977,Watford,Stoke City,Home,0.8297872340425532,0.84,Premier League
3753977,Stoke City,Watford,Away,1.0,0.9375,Premier League
3753980,Everton,Arsenal,Home,0.875,1.619047619047619,Premier League
3753980,Arsenal,Everton,Away,1.2790697674418605,1.0961538461538463,Premier League
3753981,Aston Villa,Crystal Palace,Home,0.9074074074074074,0.7037037037037037,Premier League
3753981,Crystal Palace,Aston Villa,Away,0.82,1.0,Premier League
3753982,Leicester City,Southampton,Home,0.7674418604651163,0.7966101694915254,Premier League
3753982,Southampton,Leicester City,Away,0.9183673469387755,0.7142857142857143,Premier League
3753986,Liverpool,Stoke City,Home,0.6666666666666666,0.6842105263157895,Premier League
3753986,Stoke City,Liverpool,Away,0.4807692307692308,0.6,Premier League
3753988,AFC Bournemouth,Swansea City,Home,1.0833333333333333,1.4705882352941178,Premier League
3753988,Swansea City,AFC Bournemouth,Away,1.1333333333333333,0.7916666666666666,Premier League
3753989,Sunderland,Everton,Home,0.6,0.32,Premier League
3753989,Everton,Sunderland,Away,0.9534883720930233,0.8888888888888888,Premier League
3753990,Sunderland,Arsenal,Home,0.8222222222222222,0.7551020408163265,Premier League
3753990,Arsenal,Sunderland,Away,0.7435897435897436,0.5833333333333334,Premier League
3753991,Liverpool,Manchester City,Home,1.5517241379310345,2.04,Premier League
3753991,Manchester City,Liverpool,Away,1.44,0.5833333333333334,Premier League
3753992,Tottenham Hotspur,Southampton,Home,1.35,0.8918918918918919,Premier League
3753992,Southampton,Tottenham Hotspur,Away,0.9574468085106383,0.631578947368421,Premier League
3753994,Southampton,Crystal Palace,Home,0.8163265306122449,0.56,Premier League
3753994,Crystal Palace,Southampton,Away,1.0731707317073171,0.8571428571428571,Premier League
3753997,West Ham United,Aston Villa,Home,0.7692307692307693,0.918918918918919,Premier League
3753997,Aston Villa,West Ham United,Away,0.4418604651162791,0.625,Premier League
3753998,West Ham United,Southampton,Home,0.5918367346938775,0.3958333333333333,Premier League
3753998,Southampton,West Ham United,Away,1.2884615384615385,0.7358490566037735,Premier League
3754002,Leicester City,Newcastle United,Home,0.9777777777777777,1.2666666666666666,Premier League
3754002,Newcastle United,Leicester City,Away,0.6078431372549019,0.5254237288135594,Premier League
3754004,AFC Bournemouth,Norwich City,Home,0.7959183673469388,0.7380952380952381,Premier League
3754004,Norwich City,AFC Bournemouth,Away,0.8823529411764706,0.8627450980392157,Premier League
3754005,Stoke City,Newcastle United,Home,0.8604651162790697,0.5686274509803921,Premier League
3754005,Newcastle United,Stoke City,Away,0.4918032786885246,0.95,Premier League
3754009,Arsenal,Crystal Palace,Home,1.935483870967742,0.9787234042553191,Premier League
3754009,Crystal Palace,Arsenal,Away,0.64,0.5882352941176471,Premier League
3754012,Southampton,Chelsea,Home,0.8125,0.5396825396825397,Premier League
3754012,Chelsea,Southampton,Away,0.5116279069767442,0.7272727272727273,Premier League
3754016,Southampton,Newcastle United,Home,0.7045454545454546,1.0714285714285714,Premier League
3754016,Newcastle United,Southampton,Away,0.49019607843137253,0.5892857142857143,Premier League
3754018,Swansea City,Liverpool,Home,1.0204081632653061,1.1176470588235294,Premier League
3754018,Liverpool,Swansea City,Away,0.7454545454545455,1.8157894736842106,Premier League
3754019,Manchester United,Chelsea,Home,1.1842105263157894,1.06,Premier League
3754019,Chelsea,Manchester United,Away,0.7692307692307693,1.0930232558139534,Premier League
3754021,AFC Bournemouth,West Ham United,Home,1.42,1.288888888888889,Premier League
3754021,West Ham United,AFC Bournemouth,Away,0.9791666666666666,0.9565217391304348,Premier League
3754022,Crystal Palace,Norwich City,Home,0.3958333333333333,0.55,Premier League
3754022,Norwich City,Crystal Palace,Away,0.8297872340425532,0.8958333333333334,Premier League
3754024,Newcastle United,Swansea City,Home,1.0961538461538463,0.4642857142857143,Premier League
3754024,Swansea City,Newcastle United,Away,0.5087719298245614,1.0952380952380953,Premier League
3754026,Crystal Palace,Stoke City,Home,0.9555555555555556,1.1081081081081081,Premier League
3754026,Stoke City,Crystal Palace,Away,0.8103448275862069,0.46153846153846156,Premier League
3754027,Tottenham Hotspur,Sunderland,Home,0.9019607843137255,0.7804878048780488,Premier League
3754027,Sunderland,Tottenham Hotspur,Away,0.40350877192982454,0.5681818181818182,Premier League
3754030,Watford,Everton,Home,1.0625,1.169811320754717,Premier League
3754030,Everton,Watford,Away,1.3902439024390243,0.6530612244897959,Premier League
3754031,Sunderland,Manchester United,Home,0.9333333333333333,0.88,Premier League
3754031,Manchester United,Sunderland,Away,0.9555555555555556,0.9259259259259259,Premier League
3754032,Stoke City,Norwich City,Home,0.8085106382978723,1.5405405405405406,Premier League
3754032,Norwich City,Stoke City,Away,1.2142857142857142,0.6842105263157895,Premier League
3754033,Leicester City,Everton,Home,1.2,0.8536585365853658,Premier League
3754033,Everton,Leicester City,Away,0.6363636363636364,0.6739130434782609,Premier League
3754035,Manchester City,West Bromwich Albion,Home,0.35,0.75,Premier League
3754035,West Bromwich Albion,Manchester City,Away,0.42857142857142855,0.3953488372093023,Premier League
3754036,Sunderland,Aston Villa,Home,0.82,0.5636363636363636,Premier League
3754036,Aston Villa,Sunderland,Away,0.75,0.6538461538461539,Premier League
3754061,Chelsea,Stoke City,Home,0.7636363636363637,0.5178571428571429,Premier League
3754061,Stoke City,Chelsea,Away,0.5849056603773585,0.7358490566037735,Premier League
3754062,Chelsea,West Bromwich Albion,Home,0.7608695652173914,0.8888888888888888,Premier League
3754062,West Bromwich Albion,Chelsea,Away,1.0217391304347827,1.1395348837209303,Premier League
3754063,Watford,Aston Villa,Home,0.813953488372093,0.6976744186046512,Premier League
3754063,Aston Villa,Watford,Away,0.7115384615384616,0.4375,Premier League
3754069,Arsenal,Newcastle United,Home,1.7058823529411764,0.7346938775510204,Premier League
3754069,Newcastle United,Arsenal,Away,0.6,0.673469387755102,Premier League
3754070,Aston Villa,Newcastle United,Home,0.9777777777777777,0.4909090909090909,Premier League
3754070,Newcastle United,Aston Villa,Away,1.2083333333333333,0.9361702127659575,Premier League
3754071,Swansea City,Sunderland,Home,1.236842105263158,0.90625,Premier League
3754071,Sunderland,Swansea City,Away,1.375,1.1951219512195121,Premier League
3754075,Aston Villa,Chelsea,Home,0.9642857142857143,1.0,Premier League
3754075,Chelsea,Aston Villa,Away,0.66,0.8235294117647058,Premier League
3754080,Tottenham Hotspur,Watford,Home,0.8775510204081632,1.2222222222222223,Premier League
3754080,Watford,Tottenham Hotspur,Away,0.7115384615384616,0.5,Premier League
3754081,West Bromwich Albion,Manchester United,Home,1.35,0.9591836734693877,Premier League
3754081,Manchester United,West Bromwich Albion,Away,0.5660377358490566,0.8,Premier League
3754084,West Bromwich Albion,Aston Villa,Home,1.0238095238095237,0.9230769230769231,Premier League
3754084,Aston Villa,West Bromwich Albion,Away,0.7142857142857143,0.6363636363636364,Premier League
3754086,West Ham United,Watford,Home,0.9642857142857143,0.9583333333333334,Premier League
3754086,Watford,West Ham United,Away,0.9454545454545454,0.7592592592592593,Premier League
3754087,Liverpool,Tottenham Hotspur,Home,1.66,0.6056338028169014,Premier League
3754087,Tottenham Hotspur,Liverpool,Away,1.0862068965517242,0.8536585365853658,Premier League
3754088,Newcastle United,Manchester United,Home,1.0,0.4117647058823529,Premier League
3754088,Manchester United,Newcastle United,Away,1.0238095238095237,1.02,Premier League
3754089,Crystal Palace,AFC Bournemouth,Home,1.3043478260869565,0.86,Premier League
3754089,AFC Bournemouth,Crystal Palace,Away,0.9090909090909091,0.509090909090909,Premier League
3754092,Chelsea,Tottenham Hotspur,Home,0.813953488372093,1.04,Premier League
3754092,Tottenham Hotspur,Chelsea,Away,0.9629629629629629,0.8113207547169812,Premier League
3754094,Manchester United,Stoke City,Home,0.8113207547169812,0.717391304347826,Premier League
3754094,Stoke City,Manchester United,Away,1.2307692307692308,0.6744186046511628,Premier League
3754095,Sunderland,Manchester City,Home,1.6923076923076923,1.325,Premier League
3754095,Manchester City,Sunderland,Away,0.68,0.6153846153846154,Premier League
3754100,Newcastle United,Sunderland,Home,0.9347826086956522,0.4716981132075472,Premier League
3754100,Sunderland,Newcastle United,Away,0.8536585365853658,0.6727272727272727,Premier League
3754101,Norwich City,Southampton,Home,0.6818181818181818,1.088235294117647,Premier League
3754101,Southampton,Norwich City,Away,1.0277777777777777,0.6,Premier League
3754103,Watford,Chelsea,Home,0.8717948717948718,1.2608695652173914,Premier League
3754103,Chelsea,Watford,Away,0.8333333333333334,1.02,Premier League
3754108,Sunderland,Chelsea,Home,1.8043478260869565,1.3,Premier League
3754108,Chelsea,Sunderland,Away,0.6829268292682927,0.775,Premier League
3754110,West Ham United,Manchester City,Home,0.6976744186046512,0.5454545454545454,Premier League
3754110,Manchester City,West Ham United,Away,0.8444444444444444,0.7115384615384616,Premier League
3754111,Arsenal,Chelsea,Home,0.8571428571428571,1.024390243902439,Premier League
3754111,Chelsea,Arsenal,Away,0.6097560975609756,0.45161290322580644,Premier League
3754114,Crystal Palace,Chelsea,Home,1.4318181818181819,0.7192982456140351,Premier League
3754114,Chelsea,Crystal Palace,Away,1.297872340425532,0.660377358490566,Premier League
3754116,Swansea City,Chelsea,Home,1.0188679245283019,0.8596491228070176,Premier League
3754116,Chelsea,Swansea City,Away,0.5409836065573771,1.5,Premier League
3754118,Arsenal,Watford,Home,0.4878048780487805,0.35294117647058826,Premier League
3754118,Watford,Arsenal,Away,0.4230769230769231,0.825,Premier League
3754120,Southampton,West Ham United,Home,0.875,0.28888888888888886,Premier League
3754120,West Ham United,Southampton,Away,0.8780487804878049,1.5483870967741935,Premier League
3754121,Watford,AFC Bournemouth,Home,0.6666666666666666,0.9215686274509803,Premier League
3754121,AFC Bournemouth,Watford,Away,1.2040816326530612,1.0212765957446808,Premier League
3754122,West Bromwich Albion,Stoke City,Home,1.1923076923076923,0.5666666666666667,Premier League
3754122,Stoke City,West Bromwich Albion,Away,0.5555555555555556,0.5925925925925926,Premier League
3754123,Everton,Norwich City,Home,1.0,0.5833333333333334,Premier League
3754123,Norwich City,Everton,Away,0.4166666666666667,1.0465116279069768,Premier League
3754124,Manchester City,Manchester United,Home,0.7454545454545455,0.8596491228070176,Premier League
3754124,Manchester United,Manchester City,Away,1.0425531914893618,0.7166666666666667,Premier League
3754125,Chelsea,Everton,Home,1.24,1.55,Premier League
3754125,Everton,Chelsea,Away,0.7209302325581395,0.55,Premier League
3754127,Stoke City,Everton,Home,1.7692307692307692,0.9607843137254902,Premier League
3754127,Everton,Stoke City,Away,0.6458333333333334,0.7659574468085106,Premier League
3754132,Stoke City,Sunderland,Home,0.4807692307692308,0.35555555555555557,Premier League
3754132,Sunderland,Stoke City,Away,0.9056603773584906,0.8297872340425532,Premier League
3754134,West Ham United,Manchester United,Home,0.7959183673469388,1.0,Premier League
3754134,Manchester United,West Ham United,Away,0.8292682926829268,0.5818181818181818,Premier League
3754137,Everton,Southampton,Home,0.55,0.3023255813953488,Premier League
3754137,Southampton,Everton,Away,0.75,1.1081081081081081,Premier League
3754139,Swansea City,Southampton,Home,0.42,0.7857142857142857,Premier League
3754139,Southampton,Swansea City,Away,0.7142857142857143,0.3181818181818182,Premier League
3754140,Everton,Tottenham Hotspur,Home,0.36363636363636365,0.5217391304347826,Premier League
3754140,Tottenham Hotspur,Everton,Away,0.85,0.7575757575757576,Premier League
3754142,Manchester City,Everton,Home,0.8048780487804879,0.8928571428571429,Premier League
3754142,Everton,Manchester City,Away,1.0285714285714285,0.5128205128205128,Premier League
3754144,AFC Bournemouth,Manchester City,Home,1.2727272727272727,0.875,Premier League
3754144,Manchester City,AFC Bournemouth,Away,0.9298245614035088,0.9069767441860465,Premier League
3754147,Manchester City,Tottenham Hotspur,Home,1.04,1.1666666666666667,Premier League
3754147,Tottenham Hotspur,Manchester City,Away,1.2244897959183674,1.2727272727272727,Premier League
3754149,Swansea City,Manchester City,Home,1.1944444444444444,0.8974358974358975,Premier League
3754149,Manchester City,Swansea City,Away,1.5223880597014925,2.15,Premier League
3754151,Swansea City,Norwich City,Home,0.4897959183673469,0.5348837209302325,Premier League
3754151,Norwich City,Swansea City,Away,0.671875,0.44,Premier League
3754152,Sunderland,Leicester City,Home,0.84,0.6666666666666666,Premier League
3754152,Leicester City,Sunderland,Away,0.8846153846153846,0.9433962264150944,Premier League
3754154,Liverpool,Newcastle United,Home,1.5555555555555556,1.0384615384615385,Premier League
3754154,Newcastle United,Liverpool,Away,1.0,0.9649122807017544,Premier League
3754155,West Bromwich Albion,Watford,Home,0.40816326530612246,0.47058823529411764,Premier League
3754155,Watford,West Bromwich Albion,Away,0.1694915254237288,0.20634920634920634,Premier League
3754158,West Ham United,Swansea City,Home,0.6888888888888889,0.5957446808510638,Premier League
3754158,Swansea City,West Ham United,Away,0.6458333333333334,0.926829268292683,Premier League
3754159,Manchester United,AFC Bournemouth,Home,1.2380952380952381,1.1951219512195121,Premier League
3754159,AFC Bournemouth,Manchester United,Away,1.2325581395348837,0.5428571428571428,Premier League
3754161,Swansea City,Watford,Home,1.1395348837209303,0.8571428571428571,Premier League
3754161,Watford,Swansea City,Away,0.75,0.8571428571428571,Premier League
3754163,Everton,Swansea City,Home,1.3421052631578947,1.7941176470588236,Premier League
3754163,Swansea City,Everton,Away,1.1818181818181819,0.358974358974359,Premier League
3754164,Southampton,Sunderland,Home,0.75,1.0555555555555556,Premier League
3754164,Sunderland,Southampton,Away,1.0888888888888888,0.8837209302325582,Premier League
3754165,Manchester United,Leicester City,Home,1.075,1.0222222222222221,Premier League
3754165,Leicester City,Manchester United,Away,0.7962962962962963,1.1320754716981132,Premier League
3754168,Southampton,West Bromwich Albion,Home,1.1428571428571428,0.6521739130434783,Premier League
3754168,West Bromwich Albion,Southampton,Away,0.8857142857142857,0.8837209302325582,Premier League
3754170,Newcastle United,Crystal Palace,Home,0.7916666666666666,0.9629629629629629,Premier League
3754170,Crystal Palace,Newcastle United,Away,0.7692307692307693,0.925,Premier League
3754172,Norwich City,Sunderland,Home,0.7073170731707317,1.0689655172413792,Premier League
3754172,Sunderland,Norwich City,Away,0.8269230769230769,0.45,Premier League
3754176,West Ham United,Crystal Palace,Home,0.5789473684210527,0.5,Premier League
3754176,Crystal Palace,West Ham United,Away,0.7317073170731707,0.8709677419354839,Premier League
3754177,Newcastle United,AFC Bournemouth,Home,1.2708333333333333,0.8703703703703703,Premier League
3754177,AFC Bournemouth,Newcastle United,Away,1.744186046511628,1.2222222222222223,Premier League
3754179,Crystal Palace,Tottenham Hotspur,Home,1.1666666666666667,0.7083333333333334,Premier League
3754179,Tottenham Hotspur,Crystal Palace,Away,0.8301886792452831,0.76,Premier League
3754181,Crystal Palace,Leicester City,Home,0.8444444444444444,0.48717948717948717,Premier League
3754181,Leicester City,Crystal Palace,Away,0.9111111111111111,0.6785714285714286,Premier League
3754183,Southampton,Watford,Home,1.3703703703703705,0.9361702127659575,Premier League
3754183,Watford,Southampton,Away,1.0930232558139534,0.9056603773584906,Premier League
3754184,Arsenal,Norwich City,Home,0.9473684210526315,1.0,Premier League
3754184,Norwich City,Arsenal,Away,0.5128205128205128,0.8222222222222222,Premier League
3754187,Stoke City,Tottenham Hotspur,Home,1.1458333333333333,0.8245614035087719,Premier League
3754187,Tottenham Hotspur,Stoke City,Away,1.0784313725490196,1.0,Premier League
3754191,Southampton,AFC Bournemouth,Home,1.1714285714285715,0.49056603773584906,Premier League
3754191,AFC Bournemouth,Southampton,Away,1.2162162162162162,1.7352941176470589,Premier League
3754192,West Bromwich Albion,West Ham United,Home,1.3636363636363635,1.3170731707317074,Premier League
3754192,West Ham United,West Bromwich Albion,Away,0.6923076923076923,0.5918367346938775,Premier League
3754195,West Bromwich Albion,Newcastle United,Home,1.075,1.5862068965517242,Premier League
3754195,Newcastle United,West Bromwich Albion,Away,0.4791666666666667,0.4528301886792453,Premier League
3754196,Stoke City,Southampton,Home,0.5555555555555556,0.8636363636363636,Premier League
3754196,Southampton,Stoke City,Away,0.8913043478260869,0.5714285714285714,Premier League
3754199,Stoke City,West Ham United,Home,0.6122448979591837,0.37254901960784315,Premier League
3754199,West Ham United,Stoke City,Away,0.813953488372093,0.6521739130434783,Premier League
3754200,Manchester United,Southampton,Home,0.75,0.6590909090909091,Premier League
3754200,Southampton,Manchester United,Away,1.2962962962962963,0.6181818181818182,Premier League
3754201,Arsenal,Southampton,Home,0.9038461538461539,0.673469387755102,Premier League
3754201,Southampton,Arsenal,Away,0.7301587301587301,0.4861111111111111,Premier League
3754202,Stoke City,Arsenal,Home,1.2156862745098038,0.8723404255319149,Premier League
3754202,Arsenal,Stoke City,Away,0.7555555555555555,0.5918367346938775,Premier League
3754206,Newcastle United,Manchester City,Home,1.0833333333333333,1.3584905660377358,Premier League
3754206,Manchester City,Newcastle United,Away,0.9772727272727273,1.0204081632653061,Premier League
3754207,Norwich City,Watford,Home,0.5,1.148936170212766,Premier League
3754207,Watford,Norwich City,Away,0.34210526315789475,0.4675324675324675,Premier League
3754209,Tottenham Hotspur,Manchester United,Home,1.1454545454545455,1.4791666666666667,Premier League
3754209,Manchester United,Tottenham Hotspur,Away,0.8863636363636364,0.9777777777777777,Premier League
3754210,Norwich City,Manchester United,Home,0.8679245283018868,0.9629629629629629,Premier League
3754210,Manchester United,Norwich City,Away,0.62,0.6888888888888889,Premier League
3754214,Aston Villa,Liverpool,Home,0.5294117647058824,0.673469387755102,Premier League
3754214,Liverpool,Aston Villa,Away,1.8387096774193548,1.0731707317073171,Premier League
3754215,West Bromwich Albion,Tottenham Hotspur,Home,1.4615384615384615,0.7142857142857143,Premier League
3754215,Tottenham Hotspur,West Bromwich Albion,Away,0.5769230769230769,0.9772727272727273,Premier League
3754216,AFC Bournemouth,Liverpool,Home,1.018181818181818,0.6129032258064516,Premier League
3754216,Liverpool,AFC Bournemouth,Away,1.032258064516129,0.39344262295081966,Premier League
3754220,Crystal Palace,Liverpool,Home,0.9811320754716981,1.2195121951219512,Premier League
3754220,Liverpool,Crystal Palace,Away,0.8958333333333334,0.6938775510204082,Premier League
3754224,Swansea City,Aston Villa,Home,1.0227272727272727,1.0888888888888888,Premier League
3754224,Aston Villa,Swansea City,Away,0.7142857142857143,1.14,Premier League
3754225,AFC Bournemouth,West Bromwich Albion,Home,0.8636363636363636,0.9285714285714286,Premier League
3754225,West Bromwich Albion,AFC Bournemouth,Away,0.86,0.7407407407407407,Premier League
3754227,Leicester City,West Ham United,Home,1.119047619047619,0.8936170212765957,Premier League
3754227,West Ham United,Leicester City,Away,0.8205128205128205,0.3953488372093023,Premier League
3754228,Leicester City,Swansea City,Home,0.8947368421052632,0.9090909090909091,Premier League
3754228,Swansea City,Leicester City,Away,1.8,1.3061224489795917,Premier League
3754229,Chelsea,Leicester City,Home,0.5106382978723404,0.6862745098039216,Premier League
3754229,Leicester City,Chelsea,Away,0.7454545454545455,1.4363636363636363,Premier League
3754231,Leicester City,West Bromwich Albion,Home,0.6190476190476191,0.66,Premier League
3754231,West Bromwich Albion,Leicester City,Away,0.8846153846153846,0.9795918367346939,Premier League
3754232,Manchester United,Watford,Home,0.85,0.9714285714285714,Premier League
3754232,Watford,Manchester United,Away,0.723404255319149,0.5576923076923077,Premier League
3754236,West Bromwich Albion,Crystal Palace,Home,1.3571428571428572,0.5185185185185185,Premier League
3754236,Crystal Palace,West Bromwich Albion,Away,0.9148936170212766,0.8444444444444444,Premier League
3754239,Manchester United,Arsenal,Home,1.0943396226415094,0.9411764705882353,Premier League
3754239,Arsenal,Manchester United,Away,0.9523809523809523,0.6136363636363636,Premier League
3754241,West Ham United,Arsenal,Home,0.25925925925925924,0.7567567567567568,Premier League
3754241,Arsenal,West Ham United,Away,0.4727272727272727,0.7692307692307693,Premier League
3754242,AFC Bournemouth,Chelsea,Home,0.8387096774193549,1.0888888888888888,Premier League
3754242,Chelsea,AFC Bournemouth,Away,0.7659574468085106,0.75,Premier League
3754243,Norwich City,Newcastle United,Home,0.782608695652174,0.5531914893617021,Premier League
3754243,Newcastle United,Norwich City,Away,0.6481481481481481,0.625,Premier League
3754244,Norwich City,West Ham United,Home,1.0576923076923077,1.0188679245283019,Premier League
3754244,West Ham United,Norwich City,Away,0.42592592592592593,0.8372093023255814,Premier League
3754249,Manchester City,Aston Villa,Home,1.2285714285714286,1.6666666666666667,Premier League
3754249,Aston Villa,Manchester City,Away,0.56,0.8043478260869565,Premier League
3754250,Aston Villa,Leicester City,Home,0.98,0.6956521739130435,Premier League
3754250,Leicester City,Aston Villa,Away,0.8260869565217391,0.6730769230769231,Premier League
3754251,West Ham United,Liverpool,Home,0.58,0.38095238095238093,Premier League
3754251,Liverpool,West Ham United,Away,1.5319148936170213,1.3170731707317074,Premier League
3754252,Everton,Newcastle United,Home,1.0,0.9803921568627451,Premier League
3754252,Newcastle United,Everton,Away,0.8,0.42592592592592593,Premier League
3754253,AFC Bournemouth,Arsenal,Home,0.8604651162790697,1.6808510638297873,Premier League
3754253,Arsenal,AFC Bournemouth,Away,1.0638297872340425,1.2,Premier League
3754260,Manchester City,Crystal Palace,Home,1.7804878048780488,1.255813953488372,Premier League
3754260,Crystal Palace,Manchester City,Away,0.45714285714285713,1.1081081081081081,Premier League
3754261,Arsenal,Leicester City,Home,1.236842105263158,0.9285714285714286,Premier League
3754261,Leicester City,Arsenal,Away,0.86,0.7758620689655172,Premier League
3754262,Aston Villa,AFC Bournemouth,Home,0.94,1.2391304347826086,Premier League
3754262,AFC Bournemouth,Aston Villa,Away,1.2666666666666666,1.1521739130434783,Premier League
3754264,Chelsea,Newcastle United,Home,1.697674418604651,2.1333333333333333,Premier League
3754264,Newcastle United,Chelsea,Away,0.8571428571428571,0.6666666666666666,Premier League
3754295,Manchester United,Aston Villa,Home,1.2105263157894737,1.2045454545454546,Premier League
3754295,Aston Villa,Manchester United,Away,0.56,0.4716981132075472,Premier League
3754271,Watford,Newcastle United,Home,1.4565217391304348,0.8,Premier League
3754271,Newcastle United,Watford,Away,0.8305084745762712,1.108695652173913,Premier League
3754272,Stoke City,Swansea City,Home,1.2916666666666667,1.14,Premier League
3754272,Swansea City,Stoke City,Away,1.0444444444444445,0.8235294117647058,Premier League
3754274,AFC Bournemouth,Stoke City,Home,0.5333333333333333,0.9090909090909091,Premier League
3754274,Stoke City,AFC Bournemouth,Away,0.3114754098360656,0.2641509433962264,Premier League
3754275,Leicester City,Liverpool,Home,0.9298245614035088,0.8936170212765957,Premier League
3754275,Liverpool,Leicester City,Away,0.8604651162790697,1.1428571428571428,Premier League
3754277,Everton,West Ham United,Home,0.4642857142857143,0.4117647058823529,Premier League
3754277,West Ham United,Everton,Away,0.7441860465116279,0.6511627906976745,Premier League
3754280,Norwich City,Chelsea,Home,0.8043478260869565,0.7777777777777778,Premier League
3754280,Chelsea,Norwich City,Away,0.4090909090909091,0.20754716981132076,Premier League
3754281,Chelsea,Manchester United,Home,0.5645161290322581,0.5,Premier League
3754281,Manchester United,Chelsea,Away,0.8979591836734694,0.42857142857142855,Premier League
3754282,Aston Villa,Southampton,Home,1.0,0.7058823529411765,Premier League
3754282,Southampton,Aston Villa,Away,1.0491803278688525,1.1777777777777778,Premier League
3754284,Arsenal,West Bromwich Albion,Home,0.9487179487179487,0.7692307692307693,Premier League
3754284,West Bromwich Albion,Arsenal,Away,1.1538461538461537,0.7222222222222222,Premier League
3754289,Watford,Leicester City,Home,0.7777777777777778,0.4,Premier League
3754289,Leicester City,Watford,Away,0.6716417910447762,0.6808510638297872,Premier League
3754290,Manchester City,Leicester City,Home,0.8,0.8260869565217391,Premier League
3754290,Leicester City,Manchester City,Away,0.5789473684210527,0.41509433962264153,Premier League
3754292,Newcastle United,West Bromwich Albion,Home,0.7692307692307693,0.64,Premier League
3754292,West Bromwich Albion,Newcastle United,Away,0.49056603773584906,0.8888888888888888,Premier League
3754294,Liverpool,Everton,Home,1.441860465116279,1.4634146341463414,Premier League
3754294,Everton,Liverpool,Away,0.5,0.4523809523809524,Premier League
3754248,AFC Bournemouth,Crystal Palace,Home,0.5581395348837209,0.9375,Premier League
3754248,Crystal Palace,AFC Bournemouth,Away,1.0465116279069768,0.6590909090909091,Premier League
3754299,Manchester United,Everton,Home,1.3076923076923077,1.0545454545454545,Premier League
3754299,Everton,Manchester United,Away,1.0952380952380953,1.069767441860465,Premier League
3754303,Swansea City,Crystal Palace,Home,1.3333333333333333,1.1063829787234043,Premier League
3754303,Crystal Palace,Swansea City,Away,0.8269230769230769,0.890625,Premier League
3754305,Liverpool,Arsenal,Home,1.1041666666666667,0.9512195121951219,Premier League
3754305,Arsenal,Liverpool,Away,0.8867924528301887,0.8936170212765957,Premier League
3754306,Aston Villa,Norwich City,Home,0.8076923076923077,0.5789473684210527,Premier League
3754306,Norwich City,Aston Villa,Away,0.6122448979591837,0.95,Premier League
3754307,Manchester City,Stoke City,Home,1.1578947368421053,0.7073170731707317,Premier League
3754307,Stoke City,Manchester City,Away,0.45454545454545453,0.9534883720930233,Premier League
3754308,Watford,Sunderland,Home,0.54,0.8979591836734694,Premier League
3754308,Sunderland,Watford,Away,0.8809523809523809,0.625,Premier League
3754310,Manchester United,Crystal Palace,Home,1.0192307692307692,1.0,Premier League
3754310,Crystal Palace,Manchester United,Away,0.6666666666666666,0.7142857142857143,Premier League
3754313,Norwich City,Manchester City,Home,1.275,0.6875,Premier League
3754313,Manchester City,Norwich City,Away,0.5813953488372093,1.5,Premier League
3754314,Manchester City,Arsenal,Home,0.9,0.7959183673469388,Premier League
3754314,Arsenal,Manchester City,Away,0.6888888888888889,0.4807692307692308,Premier League
3754316,Liverpool,Sunderland,Home,1.4545454545454546,0.7111111111111111,Premier League
3754316,Sunderland,Liverpool,Away,0.4897959183673469,0.6037735849056604,Premier League
3754317,Norwich City,Tottenham Hotspur,Home,0.5849056603773585,1.3255813953488371,Premier League
3754317,Tottenham Hotspur,Norwich City,Away,1.0454545454545454,1.2884615384615385,Premier League
3754318,Tottenham Hotspur,Arsenal,Home,1.826086956521739,1.1818181818181819,Premier League
3754318,Arsenal,Tottenham Hotspur,Away,0.8431372549019608,0.5,Premier League
3754319,Manchester United,Swansea City,Home,1.3695652173913044,1.2195121951219512,Premier League
3754319,Swansea City,Manchester United,Away,1.1875,1.0238095238095237,Premier League
3754320,Southampton,Manchester City,Home,1.2790697674418605,1.0476190476190477,Premier League
3754320,Manchester City,Southampton,Away,1.1395348837209303,1.1818181818181819,Premier League
3754321,Stoke City,Aston Villa,Home,1.0789473684210527,1.4102564102564104,Premier League
3754321,Aston Villa,Stoke City,Away,0.8297872340425532,1.25,Premier League
3754322,Chelsea,Manchester City,Home,0.9743589743589743,0.6375,Premier League
3754322,Manchester City,Chelsea,Away,0.625,1.0833333333333333,Premier League
3754324,Tottenham Hotspur,Swansea City,Home,0.875,1.0545454545454545,Premier League
3754324,Swansea City,Tottenham Hotspur,Away,0.6206896551724138,0.3018867924528302,Premier League
3754326,Crystal Palace,Swansea City,Home,1.4444444444444444,0.8478260869565217,Premier League
3754326,Swansea City,Crystal Palace,Away,0.6607142857142857,0.8666666666666667,Premier League
3754327,Aston Villa,Everton,Home,1.2340425531914894,0.7619047619047619,Premier League
3754327,Everton,Aston Villa,Away,0.5681818181818182,0.45454545454545453,Premier League
3754331,West Ham United,Sunderland,Home,0.5490196078431373,0.6610169491525424,Premier League
3754331,Sunderland,West Ham United,Away,0.6415094339622641,0.48936170212765956,Premier League
3754332,Tottenham Hotspur,West Bromwich Albion,Home,0.6857142857142857,0.8947368421052632,Premier League
3754332,West Bromwich Albion,Tottenham Hotspur,Away,1.2894736842105263,1.0,Premier League
3754333,Newcastle United,Tottenham Hotspur,Home,0.41509433962264153,0.5476190476190477,Premier League
3754333,Tottenham Hotspur,Newcastle United,Away,1.0444444444444445,0.7058823529411765,Premier League
3754334,AFC Bournemouth,Southampton,Home,1.45,1.0212765957446808,Premier League
3754334,Southampton,AFC Bournemouth,Away,0.8214285714285714,1.3333333333333333,Premier League
3754338,Newcastle United,West Ham United,Home,1.2083333333333333,0.5862068965517241,Premier League
3754338,West Ham United,Newcastle United,Away,0.825,0.7719298245614035,Premier League
3754340,West Bromwich Albion,Swansea City,Home,1.35,0.8653846153846154,Premier League
3754340,Swansea City,West Bromwich Albion,Away,0.5106382978723404,0.7358490566037735,Premier League
3754341,Leicester City,Stoke City,Home,0.9629629629629629,0.9411764705882353,Premier League
3754341,Stoke City,Leicester City,Away,0.5833333333333334,0.7818181818181819,Premier League
3754342,Liverpool,Watford,Home,1.0857142857142856,0.5740740740740741,Premier League
3754342,Watford,Liverpool,Away,0.9523809523809523,1.0888888888888888,Premier League
3754345,Liverpool,Manchester United,Home,0.9787234042553191,0.7555555555555555,Premier League
3754345,Manchester United,Liverpool,Away,0.8604651162790697,0.6964285714285714,Premier League
3754346,Watford,Manchester City,Home,0.7073170731707317,0.975609756097561,Premier League
3754346,Manchester City,Watford,Away,0.5882352941176471,0.5416666666666666,Premier League
3754348,Norwich City,Liverpool,Home,1.0681818181818181,0.6875,Premier League
3754348,Liverpool,Norwich City,Away,0.7647058823529411,1.0784313725490196,Premier League
3754349,West Ham United,Tottenham Hotspur,Home,0.9215686274509803,0.9814814814814815,Premier League
3754349,Tottenham Hotspur,West Ham United,Away,0.8367346938775511,0.8679245283018868,Premier League
3754350,Everton,West Bromwich Albion,Home,1.236842105263158,1.4285714285714286,Premier League
3754350,West Bromwich Albion,Everton,Away,0.5,0.26785714285714285,Premier League
3754258,Aston Villa,Manchester City,Home,0.625,0.48717948717948717,Premier League
3754258,Manchester City,Aston Villa,Away,0.8125,1.1944444444444444,Premier League
3754020,Liverpool,AFC Bournemouth,Home,0.5849056603773585,0.5614035087719298,Premier League
3754020,AFC Bournemouth,Liverpool,Away,0.8958333333333334,1.2641509433962264,Premier League
3754267,Watford,West Bromwich Albion,Home,1.3255813953488371,0.8666666666666667,Premier League
3754267,West Bromwich Albion,Watford,Away,0.6037735849056604,0.8,Premier League
3754141,Arsenal,West Ham United,Home,0.4090909090909091,0.7592592592592593,Premier League
3754141,West Ham United,Arsenal,Away,0.7272727272727273,0.36065573770491804,Premier League
3754128,AFC Bournemouth,Aston Villa,Home,1.4883720930232558,1.0,Premier League
3754128,Aston Villa,AFC Bournemouth,Away,0.8775510204081632,1.0869565217391304,Premier League
3754078,Chelsea,Swansea City,Home,1.186046511627907,0.2549019607843137,Premier League
3754078,Swansea City,Chelsea,Away,0.5283018867924528,0.6808510638297872,Premier League
3879608,Hellas Verona,Bologna,Home,1.4,1.0416666666666667,Serie A
3879608,Bologna,Hellas Verona,Away,0.7592592592592593,0.5714285714285714,Serie A
3879551,Hellas Verona,Lazio,Home,0.6078431372549019,0.42857142857142855,Serie A
3879551,Lazio,Hellas Verona,Away,1.2954545454545454,1.225,Serie A
3879575,Hellas Verona,Udinese,Home,0.6744186046511628,0.7586206896551724,Serie A
3879575,Udinese,Hellas Verona,Away,0.6382978723404256,0.8125,Serie A
3879542,Inter Milan,Hellas Verona,Home,0.925,1.1521739130434783,Serie A
3879542,Hellas Verona,Inter Milan,Away,0.4375,0.7708333333333334,Serie A
3879600,Carpi,Hellas Verona,Home,0.5818181818181818,0.6875,Serie A
3879600,Hellas Verona,Carpi,Away,0.7391304347826086,0.7333333333333333,Serie A
3879557,Chievo,Hellas Verona,Home,1.2040816326530612,1.0612244897959184,Serie A
3879557,Hellas Verona,Chievo,Away,0.7708333333333334,0.32558139534883723,Serie A
3879819,Carpi,Genoa,Home,0.9,0.9,Serie A
3879819,Genoa,Carpi,Away,0.5238095238095238,0.5777777777777777,Serie A
3878541,Hellas Verona,AS Roma,Home,0.6938775510204082,0.4745762711864407,Serie A
3878541,AS Roma,Hellas Verona,Away,0.7804878048780488,1.0476190476190477,Serie A
3879664,Sampdoria,Palermo,Home,0.9411764705882353,0.5853658536585366,Serie A
3879664,Palermo,Sampdoria,Away,0.5686274509803921,0.98,Serie A
3879863,Atalanta,Udinese,Home,0.75,0.3684210526315789,Serie A
3879863,Udinese,Atalanta,Away,0.9038461538461539,0.35555555555555557,Serie A
3879773,Frosinone,Udinese,Home,1.0833333333333333,1.0930232558139534,Serie A
3879773,Udinese,Frosinone,Away,0.8571428571428571,0.9,Serie A
3879847,Udinese,Torino,Home,1.3191489361702127,1.7179487179487178,Serie A
3879847,Torino,Udinese,Away,0.4146341463414634,0.7045454545454546,Serie A
3879862,Torino,Napoli,Home,0.58,1.0377358490566038,Serie A
3879862,Napoli,Torino,Away,1.558139534883721,1.302325581395349,Serie A
3879817,Inter Milan,Napoli,Home,1.02,0.8979591836734694,Serie A
3879817,Napoli,Inter Milan,Away,0.8055555555555556,0.6274509803921569,Serie A
3879825,Lazio,Empoli,Home,1.0222222222222221,1.6122448979591837,Serie A
3879825,Empoli,Lazio,Away,0.7872340425531915,0.98,Serie A
3879750,Atalanta,Fiorentina,Home,1.3673469387755102,1.4615384615384615,Serie A
3879750,Fiorentina,Atalanta,Away,1.2156862745098038,0.7833333333333333,Serie A
3879567,AS Roma,Empoli,Home,1.0851063829787233,0.8431372549019608,Serie A
3879567,Empoli,AS Roma,Away,1.0535714285714286,1.3404255319148937,Serie A
3879785,Lazio,Atalanta,Home,1.0535714285714286,0.7017543859649122,Serie A
3879785,Atalanta,Lazio,Away,1.0,1.0357142857142858,Serie A
3879705,Sassuolo,Bologna,Home,1.1627906976744187,0.6136363636363636,Serie A
3879705,Bologna,Sassuolo,Away,0.8545454545454545,0.9803921568627451,Serie A
3879628,AC Milan,Sampdoria,Home,0.9803921568627451,0.88,Serie A
3879628,Sampdoria,AC Milan,Away,0.8979591836734694,1.3725490196078431,Serie A
3879665,Frosinone,AC Milan,Home,0.5348837209302325,0.6923076923076923,Serie A
3879665,AC Milan,Frosinone,Away,0.5,0.5510204081632653,Serie A
3879699,Sampdoria,Napoli,Home,1.1875,0.6282051282051282,Serie A
3879699,Napoli,Sampdoria,Away,0.6885245901639344,0.8409090909090909,Serie A
3879703,Lazio,Chievo,Home,1.2641509433962264,0.9574468085106383,Serie A
3879703,Chievo,Lazio,Away,0.6949152542372882,0.825,Serie A
3879609,Napoli,Udinese,Home,0.9555555555555556,1.392156862745098,Serie A
3879609,Udinese,Napoli,Away,0.8666666666666667,1.25,Serie A
3879653,Juventus,Fiorentina,Home,1.7272727272727273,1.2340425531914894,Serie A
3879653,Fiorentina,Juventus,Away,0.7906976744186046,1.1333333333333333,Serie A
3879632,AS Roma,Atalanta,Home,1.0416666666666667,0.6851851851851852,Serie A
3879632,Atalanta,AS Roma,Away,0.6785714285714286,0.6666666666666666,Serie A
3879663,Hellas Verona,Sassuolo,Home,1.0327868852459017,0.7894736842105263,Serie A
3879663,Sassuolo,Hellas Verona,Away,1.0701754385964912,0.5573770491803278,Serie A
3879645,Bologna,Napoli,Home,1.8103448275862069,0.9508196721311475,Serie A
3879645,Napoli,Bologna,Away,1.3488372093023255,1.0638297872340425,Serie A
3879579,Palermo,Inter Milan,Home,0.9047619047619048,0.5,Serie A
3879579,Inter Milan,Palermo,Away,1.3333333333333333,0.7368421052631579,Serie A
3879566,Udinese,Genoa,Home,0.8333333333333334,0.7727272727272727,Serie A
3879566,Genoa,Udinese,Away,1.4230769230769231,0.5555555555555556,Serie A
3879587,Bologna,Inter Milan,Home,1.2380952380952381,1.0588235294117647,Serie A
3879587,Inter Milan,Bologna,Away,1.2105263157894737,0.7142857142857143,Serie A
3879556,Frosinone,Empoli,Home,1.196078431372549,1.1551724137931034,Serie A
3879556,Empoli,Frosinone,Away,0.7727272727272727,0.3125,Serie A
3879585,AC Milan,Sassuolo,Home,0.8833333333333333,1.0681818181818181,Serie A
3879585,Sassuolo,AC Milan,Away,1.4181818181818182,0.7407407407407407,Serie A
3879582,Lazio,Torino,Home,0.9591836734693877,1.2127659574468086,Serie A
3879582,Torino,Lazio,Away,0.8148148148148148,0.9726027397260274,Serie A
3879564,Palermo,AS Roma,Home,1.2173913043478262,1.0769230769230769,Serie A
3879564,AS Roma,Palermo,Away,0.6666666666666666,0.7222222222222222,Serie A
3879562,AC Milan,Napoli,Home,0.9787234042553191,1.1964285714285714,Serie A
3879562,Napoli,AC Milan,Away,0.43859649122807015,0.6739130434782609,Serie A
3879837,Inter Milan,Udinese,Home,0.775,0.5849056603773585,Serie A
3879837,Udinese,Inter Milan,Away,0.6346153846153846,0.8421052631578947,Serie A
3879838,Sampdoria,Lazio,Home,1.0625,0.9130434782608695,Serie A
3879838,Lazio,Sampdoria,Away,0.9302325581395349,0.851063829787234,Serie A
3879839,Fiorentina,Juventus,Home,1.2619047619047619,1.263157894736842,Serie A
3879839,Juventus,Fiorentina,Away,0.9318181818181818,0.62,Serie A
3879840,Bologna,Genoa,Home,1.3478260869565217,1.2884615384615385,Serie A
3879840,Genoa,Bologna,Away,0.9821428571428571,0.9791666666666666,Serie A
3879836,AC Milan,Carpi,Home,1.1818181818181819,0.7142857142857143,Serie A
3879836,Carpi,AC Milan,Away,0.7254901960784313,1.0731707317073171,Serie A
3879833,Juventus,Lazio,Home,1.0588235294117647,0.90625,Serie A
3879833,Lazio,Juventus,Away,0.8125,0.6097560975609756,Serie A
3879828,AS Roma,Torino,Home,1.4871794871794872,1.1923076923076923,Serie A
3879828,Torino,AS Roma,Away,0.36,0.4230769230769231,Serie A
3879832,Palermo,Atalanta,Home,0.7142857142857143,0.7659574468085106,Serie A
3879832,Atalanta,Palermo,Away,0.603448275862069,0.6065573770491803,Serie A
3879830,Genoa,Inter Milan,Home,0.9444444444444444,0.66,Serie A
3879830,Inter Milan,Genoa,Away,0.5471698113207547,0.7346938775510204,Serie A
3879792,Sampdoria,Chievo,Home,0.6326530612244898,0.8863636363636364,Serie A
3879792,Chievo,Sampdoria,Away,0.6730769230769231,0.5925925925925926,Serie A
3879795,Hellas Verona,Carpi,Home,0.9583333333333334,1.1346153846153846,Serie A
3879795,Carpi,Hellas Verona,Away,0.7777777777777778,0.86,Serie A
3879794,Atalanta,Bologna,Home,0.4666666666666667,0.7804878048780488,Serie A
3879794,Bologna,Atalanta,Away,0.5686274509803921,0.92,Serie A
3879788,Empoli,Palermo,Home,0.673469387755102,0.8367346938775511,Serie A
3879788,Palermo,Empoli,Away,0.7735849056603774,0.875,Serie A
3879787,AS Roma,Inter Milan,Home,1.425531914893617,1.08,Serie A
3879787,Inter Milan,AS Roma,Away,1.3541666666666667,0.6896551724137931,Serie A
3879786,Palermo,Napoli,Home,0.9016393442622951,1.0862068965517242,Serie A
3879786,Napoli,Palermo,Away,0.9302325581395349,1.0350877192982457,Serie A
3879784,Genoa,Torino,Home,1.441860465116279,0.7142857142857143,Serie A
3879784,Torino,Genoa,Away,0.5094339622641509,1.2244897959183674,Serie A
3879783,Udinese,AS Roma,Home,0.7413793103448276,0.6226415094339622,Serie A
3879783,AS Roma,Udinese,Away,0.8793103448275862,0.8163265306122449,Serie A
3879782,Carpi,Frosinone,Home,0.8852459016393442,0.8928571428571429,Serie A
3879782,Frosinone,Carpi,Away,0.9183673469387755,0.8571428571428571,Serie A
3879781,Chievo,AC Milan,Home,1.1875,0.782608695652174,Serie A
3879781,AC Milan,Chievo,Away,0.5185185185185185,0.7857142857142857,Serie A
3879780,Fiorentina,Hellas Verona,Home,0.8863636363636364,0.88,Serie A
3879780,Hellas Verona,Fiorentina,Away,1.0,0.6097560975609756,Serie A
3879779,Inter Milan,Bologna,Home,1.125,0.9454545454545454,Serie A
3879779,Bologna,Inter Milan,Away,0.9629629629629629,0.9791666666666666,Serie A
3879778,Empoli,Sampdoria,Home,1.3414634146341464,0.7222222222222222,Serie A
3879778,Sampdoria,Empoli,Away,0.6451612903225806,0.484375,Serie A
3879777,Juventus,Sassuolo,Home,1.0454545454545454,0.7307692307692307,Serie A
3879777,Sassuolo,Juventus,Away,1.169811320754717,0.8076923076923077,Serie A
3879774,Inter Milan,Palermo,Home,0.9130434782608695,0.6935483870967742,Serie A
3879774,Palermo,Inter Milan,Away,0.7090909090909091,1.3157894736842106,Serie A
3879776,Bologna,Carpi,Home,0.673469387755102,0.9333333333333333,Serie A
3879776,Carpi,Bologna,Away,0.5757575757575758,0.7818181818181819,Serie A
3879771,Sassuolo,AC Milan,Home,0.8,0.8852459016393442,Serie A
3879771,AC Milan,Sassuolo,Away,0.9347826086956522,1.0576923076923077,Serie A
3879772,Torino,Lazio,Home,0.7454545454545455,0.5932203389830508,Serie A
3879772,Lazio,Torino,Away,0.7454545454545455,1.441860465116279,Serie A
3879756,Napoli,AC Milan,Home,0.6153846153846154,0.9821428571428571,Serie A
3879756,AC Milan,Napoli,Away,0.673469387755102,0.5333333333333333,Serie A
3879754,Torino,Carpi,Home,0.7058823529411765,0.75,Serie A
3879754,Carpi,Torino,Away,0.92,0.7192982456140351,Serie A
3879748,Hellas Verona,Chievo,Home,0.98,0.6140350877192983,Serie A
3879748,Chievo,Hellas Verona,Away,0.6779661016949152,0.9166666666666666,Serie A
3879749,Inter Milan,Sampdoria,Home,1.125,0.9811320754716981,Serie A
3879749,Sampdoria,Inter Milan,Away,0.6595744680851063,1.2830188679245282,Serie A
3879747,Bologna,Juventus,Home,0.7111111111111111,0.8444444444444444,Serie A
3879747,Juventus,Bologna,Away,0.9347826086956522,0.972972972972973,Serie A
3879742,AC Milan,Genoa,Home,0.7678571428571429,0.7288135593220338,Serie A
3879742,Genoa,AC Milan,Away,1.105263157894737,1.1639344262295082,Serie A
3879746,Fiorentina,Inter Milan,Home,1.0454545454545454,0.9583333333333334,Serie A
3879746,Inter Milan,Fiorentina,Away,0.5283018867924528,0.5208333333333334,Serie A
3879744,Sampdoria,Atalanta,Home,1.2666666666666666,1.1025641025641026,Serie A
3879744,Atalanta,Sampdoria,Away,0.7872340425531915,0.7222222222222222,Serie A
3879745,Palermo,Torino,Home,0.9534883720930233,1.2173913043478262,Serie A
3879745,Torino,Palermo,Away,0.6122448979591837,0.5686274509803921,Serie A
3879743,Udinese,Bologna,Home,0.9302325581395349,1.1206896551724137,Serie A
3879743,Bologna,Udinese,Away,0.74,0.7647058823529411,Serie A
3879739,Juventus,Napoli,Home,1.1851851851851851,0.9130434782608695,Serie A
3879739,Napoli,Juventus,Away,1.26,1.1904761904761905,Serie A
3879741,Chievo,Sassuolo,Home,0.8035714285714286,0.484375,Serie A
3879741,Sassuolo,Chievo,Away,0.7555555555555555,0.92,Serie A
3879740,Empoli,Frosinone,Home,1.2,0.49019607843137253,Serie A
3879740,Frosinone,Empoli,Away,0.8703703703703703,0.696969696969697,Serie A
3879738,Carpi,AS Roma,Home,0.9272727272727272,0.711864406779661,Serie A
3879738,AS Roma,Carpi,Away,0.5454545454545454,1.0,Serie A
3879737,Lazio,Hellas Verona,Home,0.9148936170212766,1.4042553191489362,Serie A
3879737,Hellas Verona,Lazio,Away,0.625,0.7674418604651163,Serie A
3879732,Torino,Chievo,Home,1.0731707317073171,0.5957446808510638,Serie A
3879732,Chievo,Torino,Away,0.9285714285714286,0.8163265306122449,Serie A
3879707,AS Roma,Frosinone,Home,0.9210526315789473,0.6808510638297872,Serie A
3879707,Frosinone,AS Roma,Away,0.8,0.7608695652173914,Serie A
3879702,Hellas Verona,Genoa,Home,1.4423076923076923,1.150943396226415,Serie A
3879702,Genoa,Hellas Verona,Away,0.9,0.4918032786885246,Serie A
3879704,Inter Milan,Carpi,Home,0.7435897435897436,0.6727272727272727,Serie A
3879704,Carpi,Inter Milan,Away,0.5967741935483871,1.0555555555555556,Serie A
3879701,Juventus,AS Roma,Home,1.1538461538461537,0.625,Serie A
3879701,AS Roma,Juventus,Away,0.8048780487804879,0.8333333333333334,Serie A
3879700,Palermo,Udinese,Home,0.875,0.5,Serie A
3879700,Udinese,Palermo,Away,0.6530612244897959,0.5967741935483871,Serie A
3879706,Fiorentina,Torino,Home,0.9545454545454546,0.5454545454545454,Serie A
3879706,Torino,Fiorentina,Away,0.76,0.96,Serie A
3878559,Atalanta,Frosinone,Home,1.135135135135135,1.108695652173913,Serie A
3878559,Frosinone,Atalanta,Away,0.8444444444444444,1.0377358490566038,Serie A
3879636,Sassuolo,Fiorentina,Home,1.5319148936170213,1.2884615384615385,Serie A
3879636,Fiorentina,Sassuolo,Away,0.6415094339622641,1.0204081632653061,Serie A
3879627,Torino,Bologna,Home,1.0208333333333333,0.9210526315789473,Serie A
3879627,Bologna,Torino,Away,0.9318181818181818,0.6862745098039216,Serie A
3879626,Inter Milan,Frosinone,Home,0.7446808510638298,0.4,Serie A
3879626,Frosinone,Inter Milan,Away,0.9310344827586207,1.0363636363636364,Serie A
3879625,Udinese,Sampdoria,Home,1.2,0.88,Serie A
3879625,Sampdoria,Udinese,Away,0.4375,0.8627450980392157,Serie A
3879624,Lazio,Palermo,Home,0.6666666666666666,0.8571428571428571,Serie A
3879624,Palermo,Lazio,Away,0.7162162162162162,0.8214285714285714,Serie A
3879623,Fiorentina,Empoli,Home,1.0816326530612246,1.2244897959183674,Serie A
3879623,Empoli,Fiorentina,Away,0.6923076923076923,1.3617021276595744,Serie A
3879622,Carpi,Chievo,Home,0.9807692307692307,0.9245283018867925,Serie A
3879622,Chievo,Carpi,Away,0.9038461538461539,0.5147058823529411,Serie A
3879621,Atalanta,Torino,Home,1.0212765957446808,0.8108108108108109,Serie A
3879621,Torino,Atalanta,Away,0.5862068965517241,0.578125,Serie A
3879620,Hellas Verona,Napoli,Home,0.8260869565217391,0.4268292682926829,Serie A
3879620,Napoli,Hellas Verona,Away,1.0377358490566038,0.8666666666666667,Serie A
3878611,Chievo,Inter Milan,Home,0.819672131147541,1.0727272727272728,Serie A
3878611,Inter Milan,Chievo,Away,1.0731707317073171,0.7,Serie A
3878610,Atalanta,Hellas Verona,Home,0.6037735849056604,0.66,Serie A
3878610,Hellas Verona,Atalanta,Away,0.5957446808510638,0.5471698113207547,Serie A
3878608,Bologna,Frosinone,Home,0.6491228070175439,0.6181818181818182,Serie A
3878608,Frosinone,Bologna,Away,1.0,1.2280701754385965,Serie A
3878607,AS Roma,Sassuolo,Home,0.6666666666666666,1.0,Serie A
3878607,Sassuolo,AS Roma,Away,1.0217391304347827,0.5263157894736842,Serie A
3878606,Torino,Sampdoria,Home,0.7959183673469388,0.28846153846153844,Serie A
3878606,Sampdoria,Torino,Away,0.48148148148148145,1.018181818181818,Serie A
3878605,Carpi,Fiorentina,Home,1.3191489361702127,1.0816326530612246,Serie A
3878605,Fiorentina,Carpi,Away,0.6744186046511628,0.7592592592592593,Serie A
3879876,Genoa,Atalanta,Home,0.9375,1.6041666666666667,Serie A
3879876,Atalanta,Genoa,Away,0.7045454545454546,0.7884615384615384,Serie A
3879875,Palermo,Hellas Verona,Home,0.7254901960784313,0.5454545454545454,Serie A
3879875,Hellas Verona,Palermo,Away,0.8947368421052632,0.8695652173913043,Serie A
3879874,Lazio,Fiorentina,Home,0.5111111111111111,1.4318181818181819,Serie A
3879874,Fiorentina,Lazio,Away,1.0212765957446808,0.8936170212765957,Serie A
3879873,Empoli,Torino,Home,1.525,0.72,Serie A
3879873,Torino,Empoli,Away,0.5263157894736842,0.782608695652174,Serie A
3879872,Chievo,Bologna,Home,0.5116279069767442,1.4047619047619047,Serie A
3879872,Bologna,Chievo,Away,0.9555555555555556,1.0188679245283019,Serie A
3879871,Udinese,Carpi,Home,0.6153846153846154,1.3191489361702127,Serie A
3879871,Carpi,Udinese,Away,0.8260869565217391,0.6666666666666666,Serie A
3879870,Juventus,Sampdoria,Home,1.372093023255814,0.7948717948717948,Serie A
3879870,Sampdoria,Juventus,Away,0.5555555555555556,0.5,Serie A
3879869,AC Milan,AS Roma,Home,0.8292682926829268,1.1538461538461537,Serie A
3879869,AS Roma,AC Milan,Away,1.425,0.6041666666666666,Serie A
3879868,Sassuolo,Inter Milan,Home,0.9803921568627451,1.0,Serie A
3879868,Inter Milan,Sassuolo,Away,1.1521739130434783,0.7954545454545454,Serie A
3879867,Napoli,Frosinone,Home,0.8717948717948718,1.6842105263157894,Serie A
3879867,Frosinone,Napoli,Away,0.53125,0.5957446808510638,Serie A
3879866,AS Roma,Chievo,Home,1.1702127659574468,1.1777777777777778,Serie A
3879866,Chievo,AS Roma,Away,0.38,0.875,Serie A
3879865,Sampdoria,Genoa,Home,0.96,1.1555555555555554,Serie A
3879865,Genoa,Sampdoria,Away,0.49122807017543857,0.9090909090909091,Serie A
3879864,Hellas Verona,Juventus,Home,0.9782608695652174,0.8163265306122449,Serie A
3879864,Juventus,Hellas Verona,Away,0.7954545454545454,0.8055555555555556,Serie A
3879861,Frosinone,Sassuolo,Home,0.9183673469387755,1.1153846153846154,Serie A
3879861,Sassuolo,Frosinone,Away,0.7959183673469388,0.6923076923076923,Serie A
3879860,Fiorentina,Palermo,Home,0.6956521739130435,0.7142857142857143,Serie A
3879860,Palermo,Fiorentina,Away,0.8,0.9347826086956522,Serie A
3879859,Carpi,Lazio,Home,1.0576923076923077,1.1071428571428572,Serie A
3879859,Lazio,Carpi,Away,0.39622641509433965,0.5254237288135594,Serie A
3879858,Bologna,AC Milan,Home,0.6666666666666666,0.7659574468085106,Serie A
3879858,AC Milan,Bologna,Away,0.8958333333333334,0.9130434782608695,Serie A
3879857,Inter Milan,Empoli,Home,0.8653846153846154,0.8888888888888888,Serie A
3879857,Empoli,Inter Milan,Away,1.148936170212766,0.9791666666666666,Serie A
3879856,Genoa,AS Roma,Home,0.8,0.37254901960784315,Serie A
3879856,AS Roma,Genoa,Away,1.0754716981132075,1.1538461538461537,Serie A
3879855,Napoli,Atalanta,Home,0.8813559322033898,1.6956521739130435,Serie A
3879855,Atalanta,Napoli,Away,0.6226415094339622,0.42105263157894735,Serie A
3879854,Sassuolo,Hellas Verona,Home,1.2,1.0833333333333333,Serie A
3879854,Hellas Verona,Sassuolo,Away,1.2745098039215685,0.7592592592592593,Serie A
3879853,Lazio,Inter Milan,Home,0.7547169811320755,0.5106382978723404,Serie A
3879853,Inter Milan,Lazio,Away,1.2826086956521738,1.4473684210526316,Serie A
3879852,Palermo,Sampdoria,Home,0.8,0.8571428571428571,Serie A
3879852,Sampdoria,Palermo,Away,1.0,1.0925925925925926,Serie A
3879851,AC Milan,Frosinone,Home,0.9210526315789473,0.8333333333333334,Serie A
3879851,Frosinone,AC Milan,Away,0.6730769230769231,0.6938775510204082,Serie A
3879850,Juventus,Carpi,Home,0.9459459459459459,0.94,Serie A
3879850,Carpi,Juventus,Away,0.8235294117647058,1.0425531914893618,Serie A
3879849,Empoli,Bologna,Home,1.1875,0.5454545454545454,Serie A
3879849,Bologna,Empoli,Away,0.423728813559322,1.2325581395348837,Serie A
3879848,Chievo,Fiorentina,Home,0.9565217391304348,0.6666666666666666,Serie A
3879848,Fiorentina,Chievo,Away,1.225,0.8571428571428571,Serie A
3879846,Hellas Verona,AC Milan,Home,1.0566037735849056,1.0655737704918034,Serie A
3879846,AC Milan,Hellas Verona,Away,0.828125,0.6538461538461539,Serie A
3879845,AS Roma,Napoli,Home,1.2244897959183674,0.8333333333333334,Serie A
3879845,Napoli,AS Roma,Away,0.9508196721311475,0.7659574468085106,Serie A
3879844,Carpi,Empoli,Home,1.2666666666666666,1.4042553191489362,Serie A
3879844,Empoli,Carpi,Away,0.9130434782608695,0.6923076923076923,Serie A
3879843,Torino,Sassuolo,Home,0.6808510638297872,0.660377358490566,Serie A
3879843,Sassuolo,Torino,Away,1.12,0.9318181818181818,Serie A
3879842,Atalanta,Chievo,Home,0.7884615384615384,0.5652173913043478,Serie A
3879842,Chievo,Atalanta,Away,0.6551724137931034,0.75,Serie A
3879841,Frosinone,Palermo,Home,0.7818181818181819,1.0888888888888888,Serie A
3879841,Palermo,Frosinone,Away,0.7547169811320755,0.4838709677419355,Serie A
3879835,Chievo,Frosinone,Home,1.2926829268292683,1.5,Serie A
3879835,Frosinone,Chievo,Away,0.7407407407407407,1.0606060606060606,Serie A
3879834,Udinese,Fiorentina,Home,1.1627906976744187,0.7659574468085106,Serie A
3879834,Fiorentina,Udinese,Away,0.5681818181818182,1.186046511627907,Serie A
3879831,Sassuolo,Sampdoria,Home,0.7111111111111111,0.8205128205128205,Serie A
3879831,Sampdoria,Sassuolo,Away,0.6607142857142857,0.4,Serie A
3879829,Empoli,Hellas Verona,Home,0.7333333333333333,0.5636363636363636,Serie A
3879829,Hellas Verona,Empoli,Away,0.8113207547169812,1.1320754716981132,Serie A
3879827,Napoli,Bologna,Home,1.4222222222222223,1.0212765957446808,Serie A
3879827,Bologna,Napoli,Away,0.7758620689655172,1.1428571428571428,Serie A
3879826,Hellas Verona,Frosinone,Home,0.9791666666666666,1.0961538461538463,Serie A
3879826,Frosinone,Hellas Verona,Away,0.7380952380952381,0.7692307692307693,Serie A
3879824,Sampdoria,AC Milan,Home,0.8070175438596491,1.2553191489361701,Serie A
3879824,AC Milan,Sampdoria,Away,0.9047619047619048,0.42105263157894735,Serie A
3879823,Atalanta,AS Roma,Home,0.5625,0.5,Serie A
3879823,AS Roma,Atalanta,Away,0.8444444444444444,0.7872340425531915,Serie A
3879822,Udinese,Chievo,Home,0.8235294117647058,0.75,Serie A
3879822,Chievo,Udinese,Away,0.5686274509803921,0.6346153846153846,Serie A
3879821,Fiorentina,Sassuolo,Home,1.7222222222222223,0.7735849056603774,Serie A
3879821,Sassuolo,Fiorentina,Away,1.5116279069767442,0.9767441860465116,Serie A
3879820,Juventus,Palermo,Home,1.0465116279069768,0.6808510638297872,Serie A
3879820,Palermo,Juventus,Away,0.6530612244897959,1.1794871794871795,Serie A
3879818,Bologna,Torino,Home,1.4166666666666667,2.175,Serie A
3879818,Torino,Bologna,Away,0.8297872340425532,0.3,Serie A
3879816,AS Roma,Bologna,Home,1.1063829787234043,1.0833333333333333,Serie A
3879816,Bologna,AS Roma,Away,0.82,0.8392857142857143,Serie A
3879815,Torino,Atalanta,Home,1.275,0.47058823529411764,Serie A
3879815,Atalanta,Torino,Away,0.7727272727272727,1.0833333333333333,Serie A
3879814,Empoli,Fiorentina,Home,1.2448979591836735,0.7321428571428571,Serie A
3879814,Fiorentina,Empoli,Away,1.2916666666666667,0.8363636363636363,Serie A
3879813,Sampdoria,Udinese,Home,0.660377358490566,0.6792452830188679,Serie A
3879813,Udinese,Sampdoria,Away,0.9166666666666666,0.5897435897435898,Serie A
3879812,Palermo,Lazio,Home,1.2340425531914894,0.9852941176470589,Serie A
3879812,Lazio,Palermo,Away,0.9166666666666666,0.5263157894736842,Serie A
3879811,Napoli,Hellas Verona,Home,0.9130434782608695,1.6744186046511629,Serie A
3879811,Hellas Verona,Napoli,Away,0.8103448275862069,0.4473684210526316,Serie A
3879810,AC Milan,Juventus,Home,1.3846153846153846,1.4,Serie A
3879810,Juventus,AC Milan,Away,0.8863636363636364,0.7777777777777778,Serie A
3879809,Sassuolo,Genoa,Home,1.288888888888889,0.8536585365853658,Serie A
3879809,Genoa,Sassuolo,Away,0.8703703703703703,0.5357142857142857,Serie A
3879808,Frosinone,Inter Milan,Home,0.8333333333333334,0.9655172413793104,Serie A
3879808,Inter Milan,Frosinone,Away,0.9166666666666666,0.4318181818181818,Serie A
3879807,Chievo,Carpi,Home,0.7608695652173914,0.5535714285714286,Serie A
3879807,Carpi,Chievo,Away,0.9803921568627451,0.8909090909090909,Serie A
3879806,Bologna,Hellas Verona,Home,0.8888888888888888,1.12,Serie A
3879806,Hellas Verona,Bologna,Away,0.5208333333333334,0.45454545454545453,Serie A
3879805,Atalanta,AC Milan,Home,0.8695652173913043,0.847457627118644,Serie A
3879805,AC Milan,Atalanta,Away,1.3018867924528301,0.88,Serie A
3879804,Genoa,Frosinone,Home,0.6538461538461539,0.8809523809523809,Serie A
3879804,Frosinone,Genoa,Away,0.7586206896551724,0.7674418604651163,Serie A
3879803,Udinese,Napoli,Home,0.7254901960784313,0.94,Serie A
3879803,Napoli,Udinese,Away,0.6956521739130435,0.8048780487804879,Serie A
3879802,Chievo,Palermo,Home,1.0,0.6333333333333333,Serie A
3879802,Palermo,Chievo,Away,0.64,0.6851851851851852,Serie A
3879801,Inter Milan,Torino,Home,1.8823529411764706,1.5135135135135136,Serie A
3879801,Torino,Inter Milan,Away,0.6511627906976745,0.9361702127659575,Serie A
3879800,Fiorentina,Sampdoria,Home,1.5,1.2777777777777777,Serie A
3879800,Sampdoria,Fiorentina,Away,1.4186046511627908,0.72,Serie A
3879799,Lazio,AS Roma,Home,0.9183673469387755,1.2553191489361701,Serie A
3879799,AS Roma,Lazio,Away,1.6734693877551021,0.660377358490566,Serie A
3879798,Juventus,Empoli,Home,0.7307692307692307,0.7755102040816326,Serie A
3879798,Empoli,Juventus,Away,1.0930232558139534,0.9777777777777777,Serie A
3879797,Carpi,Sassuolo,Home,1.28,1.5106382978723405,Serie A
3879797,Sassuolo,Carpi,Away,0.49056603773584906,0.49230769230769234,Serie A
3879796,Napoli,Genoa,Home,0.6041666666666666,1.0930232558139534,Serie A
3879796,Genoa,Napoli,Away,0.7333333333333333,0.6065573770491803,Serie A
3879793,Sassuolo,Udinese,Home,0.8524590163934426,1.2195121951219512,Serie A
3879793,Udinese,Sassuolo,Away,0.8305084745762712,0.48214285714285715,Serie A
3879791,AC Milan,Lazio,Home,0.86,1.025,Serie A
3879791,Lazio,AC Milan,Away,0.896551724137931,0.7796610169491526,Serie A
3879790,Torino,Juventus,Home,0.5370370370370371,1.2391304347826086,Serie A
3879790,Juventus,Torino,Away,1.1956521739130435,0.9090909090909091,Serie A
3879789,Frosinone,Fiorentina,Home,0.9830508474576272,0.9607843137254902,Serie A
3879789,Fiorentina,Frosinone,Away,1.119047619047619,0.7755102040816326,Serie A
3879775,Genoa,Empoli,Home,1.5178571428571428,0.8596491228070176,Serie A
3879775,Empoli,Genoa,Away,0.6190476190476191,0.7222222222222222,Serie A
3879770,Atalanta,Juventus,Home,0.5818181818181818,0.9387755102040817,Serie A
3879770,Juventus,Atalanta,Away,0.8913043478260869,0.41379310344827586,Serie A
3879769,Napoli,Chievo,Home,0.78,0.6666666666666666,Serie A
3879769,Chievo,Napoli,Away,0.5857142857142857,0.8666666666666667,Serie A
3879768,Hellas Verona,Sampdoria,Home,1.3636363636363635,1.2444444444444445,Serie A
3879768,Sampdoria,Hellas Verona,Away,0.5272727272727272,0.5892857142857143,Serie A
3879767,AS Roma,Fiorentina,Home,1.5918367346938775,0.5151515151515151,Serie A
3879767,Fiorentina,AS Roma,Away,1.1333333333333333,1.28,Serie A
3879766,Lazio,Sassuolo,Home,1.2,1.0,Serie A
3879766,Sassuolo,Lazio,Away,0.967741935483871,0.9863013698630136,Serie A
3879765,Fiorentina,Napoli,Home,1.1020408163265305,1.2826086956521738,Serie A
3879765,Napoli,Fiorentina,Away,0.7818181818181819,0.92,Serie A
3879764,Chievo,Genoa,Home,1.0612244897959184,0.6363636363636364,Serie A
3879764,Genoa,Chievo,Away,0.9215686274509803,0.5098039215686274,Serie A
3879763,Sampdoria,Frosinone,Home,0.8181818181818182,1.0769230769230769,Serie A
3879763,Frosinone,Sampdoria,Away,0.5471698113207547,0.7391304347826086,Serie A
3879762,Udinese,Hellas Verona,Home,0.5531914893617021,0.6792452830188679,Serie A
3879762,Hellas Verona,Udinese,Away,0.7333333333333333,0.9019607843137255,Serie A
3879761,Carpi,Atalanta,Home,0.7413793103448276,0.6071428571428571,Serie A
3879761,Atalanta,Carpi,Away,0.7321428571428571,0.36065573770491804,Serie A
3879760,Palermo,Bologna,Home,1.0816326530612246,1.0185185185185186,Serie A
3879760,Bologna,Palermo,Away,0.6896551724137931,0.8775510204081632,Serie A
3879759,Juventus,Inter Milan,Home,1.0,1.0227272727272727,Serie A
3879759,Inter Milan,Juventus,Away,1.15,1.0754716981132075,Serie A
3879758,AC Milan,Torino,Home,1.4651162790697674,0.5,Serie A
3879758,Torino,AC Milan,Away,0.4153846153846154,1.1162790697674418,Serie A
3879757,Empoli,AS Roma,Home,0.8979591836734694,0.6,Serie A
3879757,AS Roma,Empoli,Away,0.8260869565217391,1.0816326530612246,Serie A
3879755,Frosinone,Lazio,Home,1.0,0.9310344827586207,Serie A
3879755,Lazio,Frosinone,Away,0.7857142857142857,0.8636363636363636,Serie A
3879753,Sassuolo,Empoli,Home,0.8983050847457628,0.7777777777777778,Serie A
3879753,Empoli,Sassuolo,Away,0.8837209302325582,1.0,Serie A
3879752,Genoa,Udinese,Home,1.4634146341463414,0.7083333333333334,Serie A
3879752,Udinese,Genoa,Away,0.6607142857142857,0.723404255319149,Serie A
3879751,AS Roma,Palermo,Home,1.1162790697674418,0.8541666666666666,Serie A
3879751,Palermo,AS Roma,Away,0.5283018867924528,1.1333333333333333,Serie A
3879736,AS Roma,Sampdoria,Home,1.0769230769230769,1.0555555555555556,Serie A
3879736,Sampdoria,AS Roma,Away,0.559322033898305,0.5961538461538461,Serie A
3879735,Atalanta,Empoli,Home,1.0930232558139534,0.7241379310344828,Serie A
3879735,Empoli,Atalanta,Away,0.5849056603773585,1.1764705882352942,Serie A
3879734,AC Milan,Udinese,Home,1.0851063829787233,0.9166666666666666,Serie A
3879734,Udinese,AC Milan,Away,0.7346938775510204,0.6545454545454545,Serie A
3879733,Frosinone,Juventus,Home,0.7735849056603774,0.8548387096774194,Serie A
3879733,Juventus,Frosinone,Away,0.7843137254901961,0.9565217391304348,Serie A
3879731,Napoli,Carpi,Home,0.6976744186046512,1.05,Serie A
3879731,Carpi,Napoli,Away,0.7368421052631579,0.6923076923076923,Serie A
3879730,Hellas Verona,Inter Milan,Home,0.8823529411764706,0.6842105263157895,Serie A
3879730,Inter Milan,Hellas Verona,Away,1.302325581395349,1.0638297872340425,Serie A
3879729,Sassuolo,Palermo,Home,1.5769230769230769,0.75,Serie A
3879729,Palermo,Sassuolo,Away,0.625,0.4074074074074074,Serie A
3879728,Bologna,Fiorentina,Home,1.4,1.225,Serie A
3879728,Fiorentina,Bologna,Away,1.25,0.48148148148148145,Serie A
3879727,Genoa,Lazio,Home,0.42105263157894735,1.1020408163265305,Serie A
3879727,Lazio,Genoa,Away,1.0943396226415094,1.0,Serie A
3879726,Juventus,Genoa,Home,0.6666666666666666,0.9215686274509803,Serie A
3879726,Genoa,Juventus,Away,1.4313725490196079,0.9629629629629629,Serie A
3879725,Frosinone,Bologna,Home,0.851063829787234,0.9482758620689655,Serie A
3879725,Bologna,Frosinone,Away,0.6851851851851852,1.0869565217391304,Serie A
3879724,Fiorentina,Carpi,Home,1.1395348837209303,0.9318181818181818,Serie A
3879724,Carpi,Fiorentina,Away,1.462962962962963,1.4,Serie A
3879723,Inter Milan,Chievo,Home,0.7837837837837838,0.9183673469387755,Serie A
3879723,Chievo,Inter Milan,Away,1.3333333333333333,1.4390243902439024,Serie A
3879722,Hellas Verona,Atalanta,Home,1.5348837209302326,1.2321428571428572,Serie A
3879722,Atalanta,Hellas Verona,Away,0.8269230769230769,0.5961538461538461,Serie A
3879721,Palermo,AC Milan,Home,0.44,0.8225806451612904,Serie A
3879721,AC Milan,Palermo,Away,0.813953488372093,0.40350877192982454,Serie A
3879720,Lazio,Napoli,Home,1.2413793103448276,1.5,Serie A
3879720,Napoli,Lazio,Away,1.0961538461538463,0.5573770491803278,Serie A
3879719,Sampdoria,Torino,Home,0.8148148148148148,0.8181818181818182,Serie A
3879719,Torino,Sampdoria,Away,1.0,0.7843137254901961,Serie A
3879718,Empoli,Udinese,Home,1.6428571428571428,0.926829268292683,Serie A
3879718,Udinese,Empoli,Away,1.1578947368421053,0.9310344827586207,Serie A
3879717,Sassuolo,AS Roma,Home,1.1176470588235294,0.9565217391304348,Serie A
3879717,AS Roma,Sassuolo,Away,1.119047619047619,0.5806451612903226,Serie A
3879716,Genoa,Fiorentina,Home,1.1272727272727272,0.7551020408163265,Serie A
3879716,Fiorentina,Genoa,Away,0.4423076923076923,0.6875,Serie A
3879715,Torino,Hellas Verona,Home,0.925,1.0,Serie A
3879715,Hellas Verona,Torino,Away,0.574468085106383,0.4576271186440678,Serie A
3879714,Napoli,Empoli,Home,1.0952380952380953,1.4,Serie A
3879714,Empoli,Napoli,Away,0.7,1.302325581395349,Serie A
3879713,Chievo,Juventus,Home,1.411764705882353,1.441860465116279,Serie A
3879713,Juventus,Chievo,Away,0.7435897435897436,0.425,Serie A
3879712,AC Milan,Inter Milan,Home,1.3333333333333333,1.1176470588235294,Serie A
3879712,Inter Milan,AC Milan,Away,0.7377049180327869,0.6956521739130435,Serie A
3879711,Udinese,Lazio,Home,0.6956521739130435,0.5609756097560976,Serie A
3879711,Lazio,Udinese,Away,1.183673469387755,1.0888888888888888,Serie A
3879710,Bologna,Sampdoria,Home,1.2745098039215685,0.7916666666666666,Serie A
3879710,Sampdoria,Bologna,Away,0.9622641509433962,1.1136363636363635,Serie A
3879709,Carpi,Palermo,Home,1.2,1.3584905660377358,Serie A
3879709,Palermo,Carpi,Away,0.5333333333333333,0.4528301886792453,Serie A
3879708,Atalanta,Sassuolo,Home,0.7857142857142857,0.6567164179104478,Serie A
3879708,Sassuolo,Atalanta,Away,0.8125,0.9444444444444444,Serie A
3879698,Empoli,AC Milan,Home,1.1111111111111112,0.9375,Serie A
3879698,AC Milan,Empoli,Away,0.8113207547169812,1.1785714285714286,Serie A
3879697,Frosinone,Atalanta,Home,0.8333333333333334,0.7555555555555555,Serie A
3879697,Atalanta,Frosinone,Away,0.9347826086956522,0.5789473684210527,Serie A
3879696,Sassuolo,Torino,Home,1.4047619047619047,1.0925925925925926,Serie A
3879696,Torino,Sassuolo,Away,0.4,0.5849056603773585,Serie A
3879695,Genoa,Palermo,Home,0.7407407407407407,1.075,Serie A
3879695,Palermo,Genoa,Away,1.4791666666666667,1.3111111111111111,Serie A
3879694,Bologna,Lazio,Home,1.1923076923076923,0.7894736842105263,Serie A
3879694,Lazio,Bologna,Away,0.975609756097561,1.0,Serie A
3879693,Udinese,Juventus,Home,0.9555555555555556,1.3333333333333333,Serie A
3879693,Juventus,Udinese,Away,0.7948717948717948,1.4390243902439024,Serie A
3879692,Chievo,Empoli,Home,1.0,0.9814814814814815,Serie A
3879692,Empoli,Chievo,Away,1.3636363636363635,0.8490566037735849,Serie A
3879691,AS Roma,Hellas Verona,Home,1.0,0.86,Serie A
3879691,Hellas Verona,AS Roma,Away,0.8113207547169812,0.8490566037735849,Serie A
3879690,AC Milan,Fiorentina,Home,1.6382978723404256,1.1290322580645162,Serie A
3879690,Fiorentina,AC Milan,Away,1.0,1.0192307692307692,Serie A
3879689,Carpi,Sampdoria,Home,0.7692307692307693,0.7884615384615384,Serie A
3879689,Sampdoria,Carpi,Away,1.2156862745098038,0.8947368421052632,Serie A
3879688,Atalanta,Inter Milan,Home,0.8095238095238095,0.5660377358490566,Serie A
3879688,Inter Milan,Atalanta,Away,0.75,0.8444444444444444,Serie A
3879687,Torino,Frosinone,Home,0.6170212765957447,0.5370370370370371,Serie A
3879687,Frosinone,Torino,Away,0.8478260869565217,0.6346153846153846,Serie A
3879686,Napoli,Sassuolo,Home,0.9215686274509803,1.0357142857142858,Serie A
3879686,Sassuolo,Napoli,Away,0.9491525423728814,1.2156862745098038,Serie A
3879685,Atalanta,Genoa,Home,0.6415094339622641,1.0208333333333333,Serie A
3879685,Genoa,Atalanta,Away,0.8035714285714286,0.8085106382978723,Serie A
3879684,Sampdoria,Juventus,Home,0.6862745098039216,1.0638297872340425,Serie A
3879684,Juventus,Sampdoria,Away,0.7777777777777778,0.7708333333333334,Serie A
3879683,Hellas Verona,Palermo,Home,1.4565217391304348,1.1395348837209303,Serie A
3879683,Palermo,Hellas Verona,Away,0.5689655172413793,0.5535714285714286,Serie A
3879682,Torino,Empoli,Home,0.34615384615384615,0.625,Serie A
3879682,Empoli,Torino,Away,1.2291666666666667,0.9122807017543859,Serie A
3879681,Inter Milan,Sassuolo,Home,1.0784313725490196,0.9433962264150944,Serie A
3879681,Sassuolo,Inter Milan,Away,1.2962962962962963,1.0566037735849056,Serie A
3879680,Bologna,Chievo,Home,0.5,0.6610169491525424,Serie A
3879680,Chievo,Bologna,Away,0.7291666666666666,0.62,Serie A
3879679,Frosinone,Napoli,Home,0.9183673469387755,0.8979591836734694,Serie A
3879679,Napoli,Frosinone,Away,0.8809523809523809,1.5227272727272727,Serie A
3879678,Carpi,Udinese,Home,0.7735849056603774,0.639344262295082,Serie A
3879678,Udinese,Carpi,Away,0.5254237288135594,0.44,Serie A
3879677,Fiorentina,Lazio,Home,0.8653846153846154,1.2058823529411764,Serie A
3879677,Lazio,Fiorentina,Away,1.26,1.1090909090909091,Serie A
3879676,AS Roma,AC Milan,Home,0.8936170212765957,0.43636363636363634,Serie A
3879676,AC Milan,AS Roma,Away,0.6730769230769231,0.9615384615384616,Serie A
3879675,Lazio,Carpi,Home,0.631578947368421,0.5660377358490566,Serie A
3879675,Carpi,Lazio,Away,0.7049180327868853,0.609375,Serie A
3879674,AC Milan,Bologna,Home,0.8936170212765957,1.1153846153846154,Serie A
3879674,Bologna,AC Milan,Away,0.5818181818181818,0.8627450980392157,Serie A
3879673,Udinese,Atalanta,Home,0.9629629629629629,0.7419354838709677,Serie A
3879673,Atalanta,Udinese,Away,0.5471698113207547,0.43636363636363634,Serie A
3879672,Chievo,AS Roma,Home,0.8125,0.5384615384615384,Serie A
3879672,AS Roma,Chievo,Away,0.7021276595744681,0.7551020408163265,Serie A
3879671,Palermo,Fiorentina,Home,1.9622641509433962,1.2533333333333334,Serie A
3879671,Fiorentina,Palermo,Away,1.34,0.6712328767123288,Serie A
3879670,Juventus,Hellas Verona,Home,1.0465116279069768,1.0,Serie A
3879670,Hellas Verona,Juventus,Away,0.95,1.04,Serie A
3879669,Napoli,Torino,Home,1.4878048780487805,0.9795918367346939,Serie A
3879669,Torino,Napoli,Away,0.5901639344262295,0.6607142857142857,Serie A
3879668,Empoli,Inter Milan,Home,1.2954545454545454,1.1272727272727272,Serie A
3879668,Inter Milan,Empoli,Away,0.8541666666666666,0.7627118644067796,Serie A
3879667,Sassuolo,Frosinone,Home,1.0576923076923077,0.8297872340425532,Serie A
3879667,Frosinone,Sassuolo,Away,1.1296296296296295,0.5076923076923077,Serie A
3879666,Genoa,Sampdoria,Home,1.131578947368421,0.5238095238095238,Serie A
3879666,Sampdoria,Genoa,Away,0.34615384615384615,0.39655172413793105,Serie A
3879662,Fiorentina,Chievo,Home,0.9347826086956522,0.5740740740740741,Serie A
3879662,Chievo,Fiorentina,Away,1.28,1.34,Serie A
3879661,Atalanta,Napoli,Home,0.8548387096774194,0.6078431372549019,Serie A
3879661,Napoli,Atalanta,Away,0.46875,0.6274509803921569,Serie A
3879660,Carpi,Juventus,Home,1.0,1.3035714285714286,Serie A
3879660,Juventus,Carpi,Away,1.2093023255813953,0.8979591836734694,Serie A
3879659,Inter Milan,Lazio,Home,1.5714285714285714,0.9166666666666666,Serie A
3879659,Lazio,Inter Milan,Away,0.8076923076923077,1.0188679245283019,Serie A
3879658,Torino,Udinese,Home,0.6538461538461539,0.8571428571428571,Serie A
3879658,Udinese,Torino,Away,0.5714285714285714,0.49019607843137253,Serie A
3879657,AS Roma,Genoa,Home,0.9333333333333333,0.44,Serie A
3879657,Genoa,AS Roma,Away,0.8070175438596491,1.1020408163265305,Serie A
3879656,Bologna,Empoli,Home,0.5416666666666666,0.8181818181818182,Serie A
3879656,Empoli,Bologna,Away,1.12,0.8548387096774194,Serie A
3879655,Lazio,Sampdoria,Home,0.7014925373134329,0.7818181818181819,Serie A
3879655,Sampdoria,Lazio,Away,0.6481481481481481,0.42592592592592593,Serie A
3879654,Chievo,Atalanta,Home,0.7708333333333334,1.2926829268292683,Serie A
3879654,Atalanta,Chievo,Away,0.9019607843137255,1.0204081632653061,Serie A
3879652,AC Milan,Hellas Verona,Home,0.6727272727272727,1.0816326530612246,Serie A
3879652,Hellas Verona,AC Milan,Away,0.8367346938775511,0.8983050847457628,Serie A
3879651,Napoli,AS Roma,Home,1.2826086956521738,0.9183673469387755,Serie A
3879651,AS Roma,Napoli,Away,0.49056603773584906,0.5892857142857143,Serie A
3879650,Empoli,Carpi,Home,0.4827586206896552,0.6226415094339622,Serie A
3879650,Carpi,Empoli,Away,0.8032786885245902,1.509090909090909,Serie A
3879649,Palermo,Frosinone,Home,0.7,0.7090909090909091,Serie A
3879649,Frosinone,Palermo,Away,0.7719298245614035,0.9591836734693877,Serie A
3879648,Udinese,Inter Milan,Home,0.9777777777777777,1.1818181818181819,Serie A
3879648,Inter Milan,Udinese,Away,0.875,0.8,Serie A
3879647,Genoa,Bologna,Home,1.35,0.7884615384615384,Serie A
3879647,Bologna,Genoa,Away,0.6727272727272727,0.8909090909090909,Serie A
3879646,Fiorentina,Udinese,Home,0.7021276595744681,0.9215686274509803,Serie A
3879646,Udinese,Fiorentina,Away,1.2156862745098038,1.0784313725490196,Serie A
3879644,Atalanta,Palermo,Home,1.0833333333333333,0.7627118644067796,Serie A
3879644,Palermo,Atalanta,Away,1.1967213114754098,1.0357142857142858,Serie A
3879643,Sampdoria,Sassuolo,Home,0.7906976744186046,1.098360655737705,Serie A
3879643,Sassuolo,Sampdoria,Away,0.8148148148148148,0.6101694915254238,Serie A
3879642,Carpi,AC Milan,Home,0.9516129032258065,0.875,Serie A
3879642,AC Milan,Carpi,Away,0.7843137254901961,0.7551020408163265,Serie A
3879641,Hellas Verona,Empoli,Home,1.2272727272727273,1.1346153846153846,Serie A
3879641,Empoli,Hellas Verona,Away,0.864406779661017,1.0175438596491229,Serie A
3879640,Frosinone,Chievo,Home,1.0727272727272728,1.163265306122449,Serie A
3879640,Chievo,Frosinone,Away,0.7833333333333333,0.5769230769230769,Serie A
3879639,Torino,AS Roma,Home,0.625,0.5869565217391305,Serie A
3879639,AS Roma,Torino,Away,1.275,0.825,Serie A
3879638,Inter Milan,Genoa,Home,1.2448979591836735,1.0,Serie A
3879638,Genoa,Inter Milan,Away,0.847457627118644,0.8833333333333333,Serie A
3879637,Lazio,Juventus,Home,1.7674418604651163,1.4038461538461537,Serie A
3879637,Juventus,Lazio,Away,1.0681818181818181,0.9166666666666666,Serie A
3879635,Napoli,Inter Milan,Home,1.1428571428571428,0.8363636363636363,Serie A
3879635,Inter Milan,Napoli,Away,1.1,0.7916666666666666,Serie A
3879634,Genoa,Carpi,Home,0.6122448979591837,0.5555555555555556,Serie A
3879634,Carpi,Genoa,Away,1.1785714285714286,0.9107142857142857,Serie A
3879633,Empoli,Lazio,Home,0.813953488372093,0.803921568627451,Serie A
3879633,Lazio,Empoli,Away,1.1428571428571428,1.0465116279069768,Serie A
3879631,Chievo,Udinese,Home,0.6166666666666667,0.5925925925925926,Serie A
3879631,Udinese,Chievo,Away,0.9333333333333333,0.8620689655172413,Serie A
3879630,Palermo,Juventus,Home,0.62,1.0425531914893618,Serie A
3879630,Juventus,Palermo,Away,1.0681818181818181,0.96,Serie A
3879629,Frosinone,Hellas Verona,Home,1.3877551020408163,1.0612244897959184,Serie A
3879629,Hellas Verona,Frosinone,Away,0.49230769230769234,0.696969696969697,Serie A
3879619,Genoa,Sassuolo,Home,0.8571428571428571,0.7678571428571429,Serie A
3879619,Sassuolo,Genoa,Away,0.8253968253968254,0.8604651162790697,Serie A
3879618,Juventus,AC Milan,Home,1.4318181818181819,1.2549019607843137,Serie A
3879618,AC Milan,Juventus,Away,0.6938775510204082,0.7,Serie A
3879617,Bologna,AS Roma,Home,0.7586206896551724,0.9636363636363636,Serie A
3879617,AS Roma,Bologna,Away,0.6785714285714286,0.8947368421052632,Serie A
3879616,Sampdoria,Fiorentina,Home,1.3076923076923077,1.1136363636363635,Serie A
3879616,Fiorentina,Sampdoria,Away,1.275,1.186046511627907,Serie A
3879615,Sassuolo,Carpi,Home,0.6415094339622641,1.0151515151515151,Serie A
3879615,Carpi,Sassuolo,Away,1.3114754098360655,1.1690140845070423,Serie A
3879614,Torino,Inter Milan,Home,0.543859649122807,0.6730769230769231,Serie A
3879614,Inter Milan,Torino,Away,1.0681818181818181,1.1578947368421053,Serie A
3879613,Empoli,Juventus,Home,0.7818181818181819,1.0357142857142858,Serie A
3879613,Juventus,Empoli,Away,0.9661016949152542,0.6666666666666666,Serie A
3879612,Frosinone,Genoa,Home,1.1162790697674418,0.68,Serie A
3879612,Genoa,Frosinone,Away,0.7,0.4807692307692308,Serie A
3879611,Palermo,Chievo,Home,0.86,0.56,Serie A
3879611,Chievo,Palermo,Away,0.7192982456140351,0.62,Serie A
3879610,AS Roma,Lazio,Home,1.5813953488372092,0.7121212121212122,Serie A
3879610,Lazio,AS Roma,Away,0.74,0.7254901960784313,Serie A
3879607,AC Milan,Atalanta,Home,1.0588235294117647,0.6078431372549019,Serie A
3879607,Atalanta,AC Milan,Away,1.3333333333333333,1.1346153846153846,Serie A
3879606,Chievo,Sampdoria,Home,0.8545454545454545,0.9777777777777777,Serie A
3879606,Sampdoria,Chievo,Away,0.7142857142857143,0.5531914893617021,Serie A
3879605,Palermo,Empoli,Home,0.5636363636363636,1.0,Serie A
3879605,Empoli,Palermo,Away,0.6176470588235294,0.5869565217391305,Serie A
3879604,Genoa,Napoli,Home,1.2291666666666667,0.5833333333333334,Serie A
3879604,Napoli,Genoa,Away,0.8043478260869565,0.7692307692307693,Serie A
3879603,Udinese,Sassuolo,Home,0.875,0.9574468085106383,Serie A
3879603,Sassuolo,Udinese,Away,0.34,0.32727272727272727,Serie A
3879602,Fiorentina,Frosinone,Home,0.9069767441860465,1.025,Serie A
3879602,Frosinone,Fiorentina,Away,0.925,1.3125,Serie A
3879601,Bologna,Atalanta,Home,0.8214285714285714,0.7619047619047619,Serie A
3879601,Atalanta,Bologna,Away,0.7959183673469388,0.7727272727272727,Serie A
3879599,Lazio,AC Milan,Home,1.1458333333333333,1.0,Serie A
3879599,AC Milan,Lazio,Away,0.7192982456140351,0.44642857142857145,Serie A
3879598,Inter Milan,AS Roma,Home,0.8888888888888888,0.8846153846153846,Serie A
3879598,AS Roma,Inter Milan,Away,0.8,0.8863636363636364,Serie A
3879597,Juventus,Torino,Home,0.8095238095238095,0.7346938775510204,Serie A
3879597,Torino,Juventus,Away,0.7619047619047619,0.5862068965517241,Serie A
3879596,Sampdoria,Empoli,Home,1.0851063829787233,1.4528301886792452,Serie A
3879596,Empoli,Sampdoria,Away,0.7450980392156863,0.98,Serie A
3879595,Hellas Verona,Fiorentina,Home,0.9795918367346939,1.8043478260869565,Serie A
3879595,Fiorentina,Hellas Verona,Away,0.6808510638297872,1.127659574468085,Serie A
3879594,AC Milan,Chievo,Home,1.0425531914893618,0.8043478260869565,Serie A
3879594,Chievo,AC Milan,Away,0.71875,1.38,Serie A
3879593,Napoli,Palermo,Home,0.96,1.3617021276595744,Serie A
3879593,Palermo,Napoli,Away,0.8163265306122449,0.5833333333333334,Serie A
3879592,AS Roma,Udinese,Home,0.41818181818181815,0.64,Serie A
3879592,Udinese,AS Roma,Away,1.0526315789473684,0.9193548387096774,Serie A
3879591,Sassuolo,Juventus,Home,1.2,1.3384615384615384,Serie A
3879591,Juventus,Sassuolo,Away,0.8125,0.8695652173913043,Serie A
3879590,Torino,Genoa,Home,0.9743589743589743,0.9090909090909091,Serie A
3879590,Genoa,Torino,Away,0.8846153846153846,0.8214285714285714,Serie A
3879589,Frosinone,Carpi,Home,0.8461538461538461,0.7358490566037735,Serie A
3879589,Carpi,Frosinone,Away,0.7894736842105263,0.5714285714285714,Serie A
3879588,Atalanta,Lazio,Home,0.9444444444444444,1.2333333333333334,Serie A
3879588,Lazio,Atalanta,Away,1.0238095238095237,0.8431372549019608,Serie A
3879586,Sampdoria,Hellas Verona,Home,0.975609756097561,0.8431372549019608,Serie A
3879586,Hellas Verona,Sampdoria,Away,0.9523809523809523,1.5555555555555556,Serie A
3879584,Udinese,Frosinone,Home,0.9285714285714286,0.7142857142857143,Serie A
3879584,Frosinone,Udinese,Away,0.6595744680851063,0.8163265306122449,Serie A
3879583,Fiorentina,AS Roma,Home,0.4666666666666667,0.6170212765957447,Serie A
3879583,AS Roma,Fiorentina,Away,0.7321428571428571,0.8548387096774194,Serie A
3879581,Chievo,Napoli,Home,0.7627118644067796,0.7692307692307693,Serie A
3879581,Napoli,Chievo,Away,1.375,0.9365079365079365,Serie A
3879580,Juventus,Atalanta,Home,0.84,1.2439024390243902,Serie A
3879580,Atalanta,Juventus,Away,0.88,1.288888888888889,Serie A
3879578,Carpi,Bologna,Home,1.0,0.5,Serie A
3879578,Bologna,Carpi,Away,0.5789473684210527,1.0606060606060606,Serie A
3879577,Empoli,Genoa,Home,0.7083333333333334,0.7192982456140351,Serie A
3879577,Genoa,Empoli,Away,0.8392857142857143,1.0517241379310345,Serie A
3879576,Frosinone,Sampdoria,Home,0.6153846153846154,0.5961538461538461,Serie A
3879576,Sampdoria,Frosinone,Away,0.45098039215686275,0.8125,Serie A
3879574,Inter Milan,Juventus,Home,1.0909090909090908,0.425531914893617,Serie A
3879574,Juventus,Inter Milan,Away,0.6458333333333334,0.7083333333333334,Serie A
3879573,Sassuolo,Lazio,Home,0.9285714285714286,0.8,Serie A
3879573,Lazio,Sassuolo,Away,1.02,1.0392156862745099,Serie A
3879572,Napoli,Fiorentina,Home,1.1458333333333333,0.7966101694915254,Serie A
3879572,Fiorentina,Napoli,Away,1.3076923076923077,0.8153846153846154,Serie A
3879571,Atalanta,Carpi,Home,0.6274509803921569,0.7540983606557377,Serie A
3879571,Carpi,Atalanta,Away,0.41818181818181815,0.6206896551724138,Serie A
3879570,Genoa,Chievo,Home,0.8301886792452831,0.6046511627906976,Serie A
3879570,Chievo,Genoa,Away,0.9285714285714286,1.3095238095238095,Serie A
3879569,Bologna,Palermo,Home,0.9298245614035088,0.6458333333333334,Serie A
3879569,Palermo,Bologna,Away,0.6428571428571429,0.42857142857142855,Serie A
3879568,Torino,AC Milan,Home,1.0408163265306123,1.1320754716981132,Serie A
3879568,AC Milan,Torino,Away,1.4871794871794872,0.8571428571428571,Serie A
3879565,Sampdoria,Inter Milan,Home,0.36923076923076925,0.5925925925925926,Serie A
3879565,Inter Milan,Sampdoria,Away,0.7333333333333333,0.82,Serie A
3879563,Empoli,Sassuolo,Home,0.8095238095238095,0.6666666666666666,Serie A
3879563,Sassuolo,Empoli,Away,0.9333333333333333,1.105263157894737,Serie A
3879561,Fiorentina,Atalanta,Home,1.275,0.8913043478260869,Serie A
3879561,Atalanta,Fiorentina,Away,0.8409090909090909,0.8695652173913043,Serie A
3879560,Lazio,Frosinone,Home,1.5227272727272727,0.8461538461538461,Serie A
3879560,Frosinone,Lazio,Away,0.8076923076923077,0.8775510204081632,Serie A
3879559,Juventus,Bologna,Home,0.9387755102040817,0.7941176470588235,Serie A
3879559,Bologna,Juventus,Away,0.9166666666666666,1.71875,Serie A
3879558,Carpi,Torino,Home,0.5686274509803921,0.66,Serie A
3879558,Torino,Carpi,Away,0.4878048780487805,0.7,Serie A
3879555,Atalanta,Sampdoria,Home,1.2222222222222223,0.5,Serie A
3879555,Sampdoria,Atalanta,Away,0.6491228070175439,0.7884615384615384,Serie A
3879554,Torino,Palermo,Home,0.6521739130434783,0.66,Serie A
3879554,Palermo,Torino,Away,0.6590909090909091,0.92,Serie A
3879553,Sassuolo,Chievo,Home,0.9423076923076923,0.92,Serie A
3879553,Chievo,Sassuolo,Away,1.1403508771929824,0.8867924528301887,Serie A
3879552,Bologna,Udinese,Home,0.7894736842105263,0.9375,Serie A
3879552,Udinese,Bologna,Away,1.0363636363636364,0.6875,Serie A
3879550,Inter Milan,Fiorentina,Home,1.5714285714285714,1.2424242424242424,Serie A
3879550,Fiorentina,Inter Milan,Away,1.2,1.7837837837837838,Serie A
3879549,Genoa,AC Milan,Home,0.7540983606557377,0.7647058823529411,Serie A
3879549,AC Milan,Genoa,Away,0.896551724137931,0.7741935483870968,Serie A
3879548,Napoli,Juventus,Home,1.4528301886792452,1.1320754716981132,Serie A
3879548,Juventus,Napoli,Away,1.1777777777777778,0.6964285714285714,Serie A
3879547,AS Roma,Carpi,Home,1.6578947368421053,0.8333333333333334,Serie A
3879547,Carpi,AS Roma,Away,0.41304347826086957,0.7352941176470589,Serie A
3879546,Empoli,Atalanta,Home,1.4489795918367347,1.0,Serie A
3879546,Atalanta,Empoli,Away,1.0727272727272728,1.2916666666666667,Serie A
3879545,Sampdoria,AS Roma,Home,0.47619047619047616,0.5740740740740741,Serie A
3879545,AS Roma,Sampdoria,Away,1.0,1.0,Serie A
3879544,Palermo,Sassuolo,Home,0.9491525423728814,1.0,Serie A
3879544,Sassuolo,Palermo,Away,0.6730769230769231,0.8103448275862069,Serie A
3879543,Juventus,Frosinone,Home,0.6046511627906976,0.8095238095238095,Serie A
3879543,Frosinone,Juventus,Away,1.0869565217391304,0.6976744186046512,Serie A
3879541,Fiorentina,Bologna,Home,1.6666666666666667,1.3555555555555556,Serie A
3879541,Bologna,Fiorentina,Away,0.6964285714285714,0.875,Serie A
3879540,Chievo,Torino,Home,1.263157894736842,0.74,Serie A
3879540,Torino,Chievo,Away,0.6285714285714286,1.0,Serie A
3879539,Carpi,Napoli,Home,0.5576923076923077,0.30357142857142855,Serie A
3879539,Napoli,Carpi,Away,1.2619047619047619,0.8333333333333334,Serie A
3879538,Lazio,Genoa,Home,1.446808510638298,0.9523809523809523,Serie A
3879538,Genoa,Lazio,Away,0.6122448979591837,0.6341463414634146,Serie A
3879537,Udinese,AC Milan,Home,1.22,1.1020408163265305,Serie A
3879537,AC Milan,Udinese,Away,1.24,0.7358490566037735,Serie A
3878609,Genoa,Juventus,Home,1.4444444444444444,1.6136363636363635,Serie A
3878609,Juventus,Genoa,Away,0.92,1.0,Serie A
3878604,Napoli,Lazio,Home,0.7818181818181819,0.9803921568627451,Serie A
3878604,Lazio,Napoli,Away,0.7543859649122807,1.962962962962963,Serie A
3878603,Udinese,Empoli,Home,0.9152542372881356,0.49056603773584906,Serie A
3878603,Empoli,Udinese,Away,0.6538461538461539,0.8095238095238095,Serie A
3878602,AC Milan,Palermo,Home,0.8076923076923077,0.8,Serie A
3878602,Palermo,AC Milan,Away,1.0588235294117647,1.0408163265306123,Serie A
3878601,Sampdoria,Bologna,Home,0.9565217391304348,0.975,Serie A
3878601,Bologna,Sampdoria,Away,0.7608695652173914,0.7954545454545454,Serie A
3878600,Inter Milan,AC Milan,Home,0.8979591836734694,0.5192307692307693,Serie A
3878600,AC Milan,Inter Milan,Away,0.8392857142857143,1.4473684210526316,Serie A
3878599,Sassuolo,Atalanta,Home,1.0,0.9215686274509803,Serie A
3878599,Atalanta,Sassuolo,Away,0.8529411764705882,0.96,Serie A
3878598,Palermo,Carpi,Home,0.875,1.4102564102564104,Serie A
3878598,Carpi,Palermo,Away,0.673469387755102,0.4642857142857143,Serie A
3878597,Empoli,Napoli,Home,0.72,1.1304347826086956,Serie A
3878597,Napoli,Empoli,Away,0.8571428571428571,1.1153846153846154,Serie A
3878596,Hellas Verona,Torino,Home,0.868421052631579,1.0952380952380953,Serie A
3878596,Torino,Hellas Verona,Away,0.5185185185185185,0.7058823529411765,Serie A
3878595,Lazio,Udinese,Home,1.2272727272727273,0.8269230769230769,Serie A
3878595,Udinese,Lazio,Away,0.4444444444444444,0.5072463768115942,Serie A
3878594,Juventus,Chievo,Home,1.0232558139534884,1.125,Serie A
3878594,Chievo,Juventus,Away,0.9245283018867925,0.8431372549019608,Serie A
3878593,Frosinone,AS Roma,Home,0.7962962962962963,1.3421052631578947,Serie A
3878593,AS Roma,Frosinone,Away,0.8636363636363636,0.5471698113207547,Serie A
3878592,Fiorentina,Genoa,Home,1.1458333333333333,0.5416666666666666,Serie A
3878592,Genoa,Fiorentina,Away,0.8363636363636363,0.9375,Serie A
3878558,Napoli,Sampdoria,Home,1.4509803921568627,1.2127659574468086,Serie A
3878558,Sampdoria,Napoli,Away,1.1162790697674418,0.41818181818181815,Serie A
3878557,Udinese,Palermo,Home,0.9583333333333334,0.9814814814814815,Serie A
3878557,Palermo,Udinese,Away,0.8148148148148148,0.6481481481481481,Serie A
3878556,Torino,Fiorentina,Home,0.875,0.6,Serie A
3878556,Fiorentina,Torino,Away,0.6842105263157895,1.1,Serie A
3878555,AS Roma,Juventus,Home,1.4864864864864864,0.6909090909090909,Serie A
3878555,Juventus,AS Roma,Away,0.723404255319149,0.8648648648648649,Serie A
3878554,Genoa,Hellas Verona,Home,0.9375,0.6739130434782609,Serie A
3878554,Hellas Verona,Genoa,Away,0.5319148936170213,1.1333333333333333,Serie A
3878553,Chievo,Lazio,Home,0.8333333333333334,1.469387755102041,Serie A
3878553,Lazio,Chievo,Away,1.0,0.8181818181818182,Serie A
3878552,Carpi,Inter Milan,Home,0.6285714285714286,0.6333333333333333,Serie A
3878552,Inter Milan,Carpi,Away,1.3,1.3953488372093024,Serie A
3878551,AC Milan,Empoli,Home,1.5185185185185186,1.0,Serie A
3878551,Empoli,AC Milan,Away,0.6727272727272727,0.8695652173913043,Serie A
3878550,Bologna,Sassuolo,Home,1.1818181818181819,0.72,Serie A
3878550,Sassuolo,Bologna,Away,1.3409090909090908,0.8571428571428571,Serie A
3878549,Empoli,Chievo,Home,0.78125,1.037037037037037,Serie A
3878549,Chievo,Empoli,Away,0.6274509803921569,1.1333333333333333,Serie A
3878548,Juventus,Udinese,Home,0.8333333333333334,0.8837209302325582,Serie A
3878548,Udinese,Juventus,Away,0.34615384615384615,0.43636363636363634,Serie A
3878547,Frosinone,Torino,Home,0.84,0.8461538461538461,Serie A
3878547,Torino,Frosinone,Away,0.9069767441860465,0.8113207547169812,Serie A
3878546,Sassuolo,Napoli,Home,0.6071428571428571,1.1153846153846154,Serie A
3878546,Napoli,Sassuolo,Away,0.8166666666666667,0.9636363636363636,Serie A
3878545,Sampdoria,Carpi,Home,0.8181818181818182,0.4716981132075472,Serie A
3878545,Carpi,Sampdoria,Away,1.0909090909090908,1.3902439024390243,Serie A
3878544,Palermo,Genoa,Home,0.9767441860465116,0.5970149253731343,Serie A
3878544,Genoa,Palermo,Away,1.0909090909090908,0.8301886792452831,Serie A
3878543,Inter Milan,Atalanta,Home,1.0,1.183673469387755,Serie A
3878543,Atalanta,Inter Milan,Away,1.065217391304348,0.6,Serie A
3878542,Fiorentina,AC Milan,Home,0.9333333333333333,0.7627118644067796,Serie A
3878542,AC Milan,Fiorentina,Away,1.3488372093023255,0.9591836734693877,Serie A
3878540,Lazio,Bologna,Home,1.3725490196078431,1.1272727272727272,Serie A
3878540,Bologna,Lazio,Away,0.5961538461538461,0.7358490566037735,Serie A
